actores,anio,calificacion,duracion,id,metascore,titulo
"Tim Robbins, Morgan Freeman, Bob Gunton, William Sadler, Clancy Brown, Gil Bellows, Mark Rolston, James Whitmore, Jeffrey DeMunn, Larry Brandenburg, Neil Giuntoli, Brian Libby, David Proval, Joseph Ragno, Jude Ciccolella, Paul McCrane, Renee Blaine, Scott Mann",1994,9.3,142,tt0111161,82,The Shawshank Redemption
"Peter O'Toole, Alec Guinness, Anthony Quinn, Jack Hawkins, Omar Sharif, José Ferrer, Anthony Quayle, Claude Rains, Arthur Kennedy, Donald Wolfit, I.S. Johar, Gamil Ratib, Michel Ray, John Dimech, Zia Mohyeddin, Howard Marion-Crawford, Jack Gwillim, Hugh Miller",1962,8.3,227,tt0056172,100,Lawrence of Arabia
"Jack Lemmon, Shirley MacLaine, Fred MacMurray, Ray Walston, Jack Kruschen, David Lewis, Hope Holiday, Joan Shawlee, Naomi Stevens, Johnny Seven, Joyce Jameson, Willard Waterman, David White, Edie Adams, Dorothy Abbott, Bill Baldwin, Paul Bradley, Benny Burt",1960,8.3,125,tt0053604,94,The Apartment
"Keir Dullea, Gary Lockwood, William Sylvester, Daniel Richter, Leonard Rossiter, Margaret Tyzack, Robert Beatty, Sean Sullivan, Douglas Rain, Frank W. Miller, Bill Weston, Ed Bishop, Glenn Beck, Alan Gifford, Ann Gillis, Edwina Carroll, Penny Brahms, Heather Downham",1968,8.3,149,tt0062622,84,2001: A Space Odyssey
"Lubna Azabal, Mélissa Désormeaux-Poulin, Maxim Gaudette, Mustafa Kamel, Hussein Sami, Rémy Girard, Dominique Briand, Frédéric Paquet, Hamed Najem, Ahmad Massad, Bader Alami, Majida Hussein, Asriah Nijres, John Dunn-Hill, Nadia Essadiqi, Chaouki Charbel, Axel Garbi, Amine Benzenine",2010,8.3,131,tt1255953,80,Incendies
"Jim Carrey, Kate Winslet, Tom Wilkinson, Gerry Robert Byrne, Elijah Wood, Thomas Jay Ryan, Mark Ruffalo, Jane Adams, David Cross, Kirsten Dunst, Ryan Whitney, Debbon Ayer, Amir Ali Said, Brian Price, Paulie Litt, Josh Flitter, Lola Daehler, Deirdre O'Connell",2004,8.3,108,tt0338013,89,Eternal Sunshine of the Spotless Mind
"Takashi Shimura, Nobuo Kaneko, Shin'ichi Himori, Haruo Tanaka, Minoru Chiaki, Miki Odagiri, Bokuzen Hidari, Minosuke Yamada, Kamatari Fujiwara, Makoto Kobori, Nobuo Nakamura, Atsushi Watanabe, Isao Kimura, Masao Shimizu, Yûnosuke Itô, Kumeko Urabe, Eiko Miyoshi, Noriko Honma",1952,8.3,143,tt0044741,92,Ikiru
"Mads Mikkelsen, Thomas Bo Larsen, Annika Wedderkopp, Lasse Fogelstrøm, Susse Wold, Anne Louise Hassing, Lars Ranthe, Alexandra Rapaport, Sebastian Bull, Steen Ordell Guldbrand Jensen, Daniel Engstrup, Troels Thorsen, Søren Rønholt, Hana Shuan, Jytte Kvinesdal, Josefine Gråbøl, Bjarne Henriksen, Nicolai Dahl Hamilton",2012,8.3,115,tt2106476,77,The Hunt
"Tom Hanks, Tim Allen, Joan Cusack, Ned Beatty, Don Rickles, Michael Keaton, Wallace Shawn, John Ratzenberger, Estelle Harris, John Morris, Jodi Benson, Emily Ricks Hahn, Laurie Metcalf, Blake Clark, Teddy Newton, Bud Luckey, Bea Miller, Javier Fernández-Peña",2010,8.3,103,tt0435761,92,Toy Story 3
"Mark Hamill, Harrison Ford, Carrie Fisher, Billy Dee Williams, Anthony Daniels, Peter Mayhew, Sebastian Shaw, Ian McDiarmid, Frank Oz, James Earl Jones, David Prowse, Alec Guinness, Kenny Baker, Michael Pennington, Kenneth Colley, Michael Carter, Denis Lawson, Tim Rose",1983,8.3,131,tt0086190,58,Star Wars: Episode VI - Return of the Jedi
"Ellen Burstyn, Jared Leto, Jennifer Connelly, Marlon Wayans, Christopher McDonald, Louise Lasser, Marcia Jean Kurtz, Janet Sarno, Suzanne Shepherd, Joanne Gordon, Charlotte Aronofsky, Mark Margolis, Michael Kaycheck, Jack O'Connell, Chas Mastin, Ajay Naidu, Sean Gullette, Samia Shoaib",2000,8.3,102,tt0180093,71,Requiem for a Dream
"Aleksey Kravchenko, Olga Mironova, Liubomiras Laucevicius, Vladas Bagdonas, Jüri Lumiste, Viktors Lorencs, Kazimir Rabetsky, Evgeniy Tilicheev, Aleksandr Berda, G. Velts, V. Vasilyev, Igor Gnevashev, Vasiliy Domrachyov, G. Yelkin, Evgeniy Kryzhanovskiy, N. Lisichenok, Viktor Manaev, Takhir Matyullin",1985,8.3,142,tt0091251,,Come and See
"Gene Kelly, Donald O'Connor, Debbie Reynolds, Jean Hagen, Millard Mitchell, Cyd Charisse, Douglas Fowley, Rita Moreno, Dawn Addams, John Albright, Shirlee Allard, Bebe Allen, Sue Allen, John Angelo, Marie Ardell, Bette Arlen, David Bair, Jane Bateman",1952,8.3,103,tt0045152,99,Singin' in the Rain
"Robert De Niro, James Woods, Elizabeth McGovern, Treat Williams, Tuesday Weld, Burt Young, Joe Pesci, Danny Aiello, William Forsythe, James Hayden, Darlanne Fluegel, Larry Rapp, Dutch Miller, Robert Harper, Richard Bright, Gerard Murphy, Amy Ryder, Olga Karlatos",1984,8.3,229,tt0087843,75,Once Upon a Time in America
"Zain Al Rafeea, Yordanos Shiferaw, Boluwatife Treasure Bankole, Kawsar Al Haddad, Fadi Yousef, Cedra Izzam, Alaa Chouchnieh, Elias Khoury, Mohammad Al Abdallah, Mohamad Abdellatif, Abdo Abdo, Hampig Abraham, Jamil Ahmad, Mohamad Akkar, Elias Akobegia, Riman Al Rafeea, Legamett Alamou, Majd Nabil Alhalabi",2018,8.4,126,tt8267604,75,Capernaum
"Joaquin Phoenix, Robert De Niro, Zazie Beetz, Frances Conroy, Brett Cullen, Shea Whigham, Bill Camp, Glenn Fleshler, Leigh Gill, Josh Pais, Rocco Luna, Marc Maron, Sondra James, Murphy Guyer, Douglas Hodge, Dante Pereira-Olson, Carrie Louise Putrello, Sharon Washington",2019,8.3,122,tt7286456,59,Joker
"Ingrid Bergman, Liv Ullmann, Lena Nyman, Halvar Björk, Marianne Aminoff, Arne Bang-Hansen, Gunnar Björnstrand, Erland Josephson, Georg Løkkeberg, Mimi Pollak, Linn Ullmann, Eva von Hanno, Knut Wigert",1978,8.1,99,tt0077711,,Autumn Sonata
"Ajay Devgn, Shriya Saran, Tabu, Rajat Kapoor, Ishita Dutta, Mrunal Jadhav, Rishab Chadha, Prasanna Ketkar, Kamlesh Sawant, Yogesh Sonam, Yogesh Soman, Prathamesh Parab, Sharad Bhutadiya, Samar Parshuram, Ashish Warang, Anil Nagarkar, Tarun Shukla, Smita Inamdar",2015,8.2,163,tt4430212,,Drishyam
"Manoj Bajpayee, Nawazuddin Siddiqui, Tigmanshu Dhulia, Richa Chadha, Reema Sen, Piyush Mishra, Huma Qureshi, Jaideep Ahlawat, Vineet Kumar Singh, Pankaj Tripathi, Jameel Khan, Zeishan Quadri, Aditya Kumar, Satyakam Anand, Rajkummar Rao, Vipin Sharma, Anurita Jha, Faisal Malik",2012,8.2,321,tt1954470,89,Gangs of Wasseypur
"Viola Davis, Emma Stone, Octavia Spencer, Bryce Dallas Howard, Jessica Chastain, Ahna O'Reilly, Allison Janney, Anna Camp, Eleanor Henry, Emma Henry, Christopher Lowell, Cicely Tyson, Mike Vogel, Sissy Spacek, Brian Kerwin, Wes Chatham, Aunjanue Ellis-Taylor, Ted Welch",2011,8.1,146,tt1454029,62,The Help
"Bill Murray, Andie MacDowell, Chris Elliott, Stephen Tobolowsky, Brian Doyle-Murray, Marita Geraghty, Angela Paton, Rick Ducommun, Rick Overton, Robin Duke, Carol Bivins, Willie Garson, Ken Hudson Campbell, Les Podewell, Rod Sell, Tom Milanovich, John M. Watson Sr., Peggy Roeder",1993,8,101,tt0107048,72,Groundhog Day
"Emile Hirsch, Vince Vaughn, Catherine Keener, Marcia Gay Harden, William Hurt, Jena Malone, Brian H. Dierker, Kristen Stewart, Hal Holbrook, Jim Gallien, James O'Neill, Malinda McCollum, Paul Knauls, Zach Galifianakis, Craig Mutsch, Jim Beidler, John Decker, John Hofer",2007,8,148,tt0758758,73,Into the Wild
"Carole Lombard, Jack Benny, Robert Stack, Felix Bressart, Lionel Atwill, Stanley Ridges, Sig Ruman, Tom Dugan, Charles Halton, George Lynn, Henry Victor, Maude Eburne, Halliwell Hobbes, Miles Mander, Rudolph Anders, Paul Barrett, Sven Hugo Borg, Danny Borzage",1942,8.1,99,tt0035446,86,To Be or Not to Be
"Henry Fonda, Jane Darwell, John Carradine, Charley Grapewin, Dorris Bowdon, Russell Simpson, O.Z. Whitehead, John Qualen, Eddie Quillan, Zeffie Tilbury, Frank Sully, Frank Darien, Darryl Hickman, Shirley Mills, Roger Imhof, Grant Mitchell, Charles D. Brown, John Arledge",1940,8.1,129,tt0032551,96,The Grapes of Wrath
"Brahim Hadjadj, Jean Martin, Yacef Saadi, Samia Kerbash, Ugo Paletti, Fouzia El Kader, Mohamed Ben Kassen, Si Mohamed Baghdadi, Franco Morici, Tommaso Neri, Rouiched, Gene Wesson",1966,8.1,121,tt0058946,96,The Battle of Algiers
"Kim Min-hee, Ha Jung-woo, Cho Jin-woong, Moon So-ri, Kim Tae-ri, Lee Yong-nyeo, Yoo Min-chae, Lee Dong-hwi, Kim Hae-sook, Lee Kyu-jung, Kim Si-eun, Ha Si-yeon, Rina Takagi, Won Geun-hee, Kim Jong-dae, Jang Han-sun, Kim Eun-yeong, Kim Ri-woo",2016,8.1,145,tt4016934,85,The Handmaiden
"Faye Dunaway, William Holden, Peter Finch, Robert Duvall, Wesley Addy, Ned Beatty, Arthur Burghardt, Bill Burrows, John Carpenter, Jordan Charney, Kathy Cronkite, Ed Crowley, Jerome Dempsey, Conchata Ferrell, Gene Gross, Stanley Grover, Cindy Grover, Darryl Hickman",1976,8.1,121,tt0074958,83,Network
"Eli Marienthal, Harry Connick Jr., Jennifer Aniston, Vin Diesel, James Gammon, Cloris Leachman, Christopher McDonald, John Mahoney, M. Emmet Walsh, Jack Angel, Bob Bergen, Mary Kay Bergman, Michael Bird, Devon Cole Borisoff, Rodger Bumpass, Robert Clotworthy, Jennifer Darling, Zack Eginton",1999,8.1,86,tt0129167,85,The Iron Giant
"Miyu Irino, Saori Hayami, Aoi Yûki, Kenshô Ono, Yûki Kaneko, Yui Ishikawa, Megumi Han, Toshiyuki Toyonaga, Mayu Matsuoka, Sachiko Kojima, Hana Takeda, Fuminori Komatsu, Ikuko Tani, Elena Kamata, Ayano Hamaguchi, Ryûnosuke Watanuki, Ryô Nishitani, Takuya Masumoto",2016,8.1,130,tt5323662,78,A Silent Voice: The Movie
"Çetin Tekindor, Fikret Kuskan, Hümeyra, Ege Tanman, Serif Sezer, Yetkin Dikinciler, Binnur Kaya, Mahmut Gökgöz, Nergis Çorakçi, Bilge Sen, Tuba Büyüküstün, Özge Özberk, Erdal Tosun, Halit Ergenç, Tugyan Akay Kavukçu, Ege Kaya, Muzaffer Demirel, Burak Akçakaya",2005,8.2,112,tt0476735,,My Father and My Son
"Wil Wheaton, River Phoenix, Corey Feldman, Jerry O'Connell, Kiefer Sutherland, Casey Siemaszko, Gary Riley, Bradley Gregg, Jason Oliver Lipsett, Marshall Bell, Frances Lee McCain, Bruce Kirby, William Bronder, Scott Beach, Richard Dreyfuss, John Cusack, Madeleine Swift, Popeye",1986,8.1,89,tt0092005,75,Stand by Me
"Maria Falconetti, Eugene Silvain, André Berley, Maurice Schutz, Antonin Artaud, Michel Simon, Jean d'Yd, Louis Ravet, Armand Lurville, Jacques Arnna, Alexandre Mihalesco, Léon Larive, Jean Aymé, Camille Bardou, Gilbert Dacheux, Gilbert Dalleu, Paul Delauzac, Dimitri Dimitriev",1928,8.1,110,tt0019254,98,The Passion of Joan of Arc
"Judy Garland, Frank Morgan, Ray Bolger, Bert Lahr, Jack Haley, Billie Burke, Margaret Hamilton, Charley Grapewin, Pat Walshe, Clara Blandick, Terry, The Singer Midgets, Gladys W. Allison, John Ballas, Franz Balluck, Josefine Balluck, Casper Balsam, John T. Bambury",1939,8.1,102,tt0032138,92,The Wizard of Oz
"Daniel Brühl, Chris Hemsworth, Olivia Wilde, Alexandra Maria Lara, Pierfrancesco Favino, David Calder, Natalie Dormer, Stephen Mangan, Christian McKay, Alistair Petrie, Julian Rhind-Tutt, Colin Stinton, Jamie de Courcey, Augusto Dallara, Ilario Calvo, Patrick Baladi, Vincent Riotta, Martin Savage",2013,8.1,123,tt1979320,74,Rush
"Richard Gere, Joan Allen, Cary-Hiroyuki Tagawa, Sarah Roemer, Jason Alexander, Erick Avari, Davenia McFadden, Robbie Sublett, Kevin DeCoste, Rob Degnan, Tora Hallström, Donna Sorbello, Frank S. Aronson, Troy Doherty, Ian Sherman, Timothy Crowe, Denece Ryland, Blake Friedman",2009,8.1,93,tt1028532,,Hachi: A Dog's Tale
"Craig T. Nelson, Samuel L. Jackson, Holly Hunter, Jason Lee, Dominique Louis, Teddy Newton, Jean Sincere, Eli Fucile, Maeve Andrews, Wallace Shawn, Spencer Fox, Lou Romano, Wayne Canney, Sarah Vowell, Michael Bird, Elizabeth Peña, Bud Luckey, Brad Bird",2004,8,115,tt0317705,90,The Incredibles
"Ellen Burstyn, Max von Sydow, Linda Blair, Lee J. Cobb, Kitty Winn, Jack MacGowran, Jason Miller, William O'Malley, Barton Heyman, Peter Masterson, Rudolf Schündler, Gina Petrushka, Robert Symonds, Arthur Storch, Thomas Bermingham, Vasiliki Maliaros, Titos Vandis, John Mahon",1973,8.1,122,tt0070047,83,The Exorcist
"Julie Andrews, Christopher Plummer, Eleanor Parker, Richard Haydn, Peggy Wood, Charmian Carr, Heather Menzies-Urich, Nicholas Hammond, Duane Chase, Angela Cartwright, Debbie Turner, Kym Karath, Anna Lee, Portia Nelson, Ben Wright, Daniel Truhitte, Norma Varden, Gilchrist Stuart",1965,8.1,172,tt0059742,63,The Sound of Music
"Ethan Hawke, Julie Delpy, Vernon Dobtcheff, Louise Lemoine Torrès, Rodolphe Pauly, Mariane Plasteig, Diabolo, Denis Evrard, Albert Delpy, Marie Pillet",2004,8.1,80,tt0381681,91,Before Sunset
"Myrna Loy, Dana Andrews, Fredric March, Teresa Wright, Virginia Mayo, Cathy O'Donnell, Hoagy Carmichael, Harold Russell, Gladys George, Roman Bohnen, Ray Collins, Minna Gombell, Walter Baldwin, Steve Cochran, Dorothy Adams, Don Beddoe, Marlene Aames, Charles Halton",1946,8.1,170,tt0036868,93,The Best Years of Our Lives
"Charlie Sheen, Tom Berenger, Willem Dafoe, Keith David, Forest Whitaker, Francesco Quinn, Kevin Dillon, John C. McGinley, Reggie Johnson, Mark Moses, Corey Glover, Johnny Depp, Chris Pedersen, Bob Orwig, Corkey Ford, David Neidorf, Richard Edson, Tony Todd",1986,8.1,120,tt0091763,92,Platoon
"Don Cheadle, Sophie Okonedo, Joaquin Phoenix, Xolani Mali, Desmond Dube, Hakeem Kae-Kazim, Tony Kgoroge, Rosie Motene, Neil McCarthy, Mabutho 'Kid' Sithole, Nick Nolte, Fana Mokoena, Jeremiah Ndlovu, Lebo Mashile, Antonio David Lyons, Leleti Khumalo, Kgomotso Seitshohlo, Lerato Mokgotho",2004,8.1,121,tt0395169,79,Hotel Rwanda
"Suriya, Lijo Mol Jose, Manikandan K., Rajisha Vijayan, Prakash Raj, Rao Ramesh, Guru Somasundaram, M.S. Bhaskar, V. Jayaprakash, Sibi Thomas, Ilavarasu, Jayarao, Sujatha Sivakumar, Ravi Venkatraman, Tamizh, Supergood Subramani, Bala Hasan, Raja Rani Pandian",2021,8.6,164,tt15097216,,Jai Bhim
"Brie Larson, Jacob Tremblay, Sean Bridgers, Wendy Crewson, Sandy McMaster, Matt Gordon, Amanda Brugel, Joe Pingue, Joan Allen, Zarrin Darnell-Martin, Cas Anvar, William H. Macy, Jee-Yun Lee, Randal Edwards, Justin Mader, Ola Sturik, Rodrigo Fernandez-Stoll, Rory O'Shea",2015,8.1,118,tt3170832,86,Room
"Max von Sydow, Gunnar Björnstrand, Bengt Ekerot, Nils Poppe, Bibi Andersson, Inga Gill, Maud Hansson, Inga Landgré, Gunnel Lindblom, Bertil Anderberg, Anders Ek, Åke Fridell, Gunnar Olsson, Erik Strandmark, Siv Aleros, Sten Ardenstam, Harry Asklund, Benkt-Åke Benktsson",1957,8.1,96,tt0050976,88,The Seventh Seal
"Vincent Cassel, Hubert Koundé, Saïd Taghmaoui, Abdel Ahmed Ghili, Solo, Joseph Momo, Héloïse Rauth, Rywka Wajsbrot, Olga Abrego, Laurent Labasse, Choukri Gabteni, Nabil Ben Mhamed, Benoît Magimel, Médard Niang, Arash Mansour, Abdel-Moulah Boujdouni, Mathilde Vitry, Christian Moro",1995,8.1,98,tt0113247,,La haine
"Jeff Bridges, John Goodman, Julianne Moore, Steve Buscemi, David Huddleston, Philip Seymour Hoffman, Tara Reid, Philip Moon, Mark Pellegrino, Peter Stormare, Flea, Torsten Voges, Jimmie Dale Gilmore, Jack Kehler, John Turturro, James G. Hoosier, Carlos Leon, Terrence Burton",1998,8.1,117,tt0118715,71,The Big Lebowski
"Arnold Schwarzenegger, Linda Hamilton, Michael Biehn, Paul Winfield, Lance Henriksen, Rick Rossovich, Bess Motta, Earl Boen, Dick Miller, Shawn Schepps, Bruce M. Kerner, Franco Columbu, Bill Paxton, Brad Rearden, Brian Thompson, William Wisher, Ken Fritz, Tom Oberhaus",1984,8.1,107,tt0088247,84,The Terminator
"Vijay Sethupathi, Anurag Kashyap, Mamta Mohandas, Natarajan Subramaniam, Abhirami, Divya Bharathi, Singampuli, Aruldoss, Munishkanth, Sachana Namidass, Vinod Sagar, Manigandan, Kaalaiyan, Lizzie Antony, Mullai Arasi, Bharathiraja, Thenappan P.L., Poovaiyar",2024,8.4,141,tt26548265,,Maharaja
"Johnny Depp, Geoffrey Rush, Orlando Bloom, Keira Knightley, Jack Davenport, Jonathan Pryce, Lee Arenberg, Mackenzie Crook, Damian O'Hare, Giles New, Angus Barnett, David Bailie, Michael Berry Jr., Isaac C. Singleton Jr., Kevin McNally, Treva Etienne, Zoe Saldaña, Guy Siner",2003,8.1,143,tt0325980,63,Pirates of the Caribbean: The Curse of the Black Pearl
"Mark Ruffalo, Michael Keaton, Rachel McAdams, Liev Schreiber, John Slattery, Brian d'Arcy James, Stanley Tucci, Elena Wohl, Gene Amoroso, Doug Murray, Sharon McFarlane, Jamey Sheridan, Neal Huff, Billy Crudup, Robert B. Kennedy, Duane Murray, Brian Chamberlain, Michael Cyril Creighton",2015,8.1,129,tt1895587,93,Spotlight
"Orson Welles, Joseph Cotten, Alida Valli, Trevor Howard, Paul Hörbiger, Ernst Deutsch, Erich Ponto, Siegfried Breuer, Hedwig Bleibtreu, Bernard Lee, Wilfrid Hyde-White, Nelly Arno, Jack Arrow, Harold Ayer, Harry Belcher, Leo Bieber, Paul Birch, Martin Boddey",1949,8.1,104,tt0041959,97,The Third Man
"Chishû Ryû, Chieko Higashiyama, Sô Yamamura, Setsuko Hara, Haruko Sugimura, Kuniko Miyake, Kyôko Kagawa, Eijirô Tôno, Nobuo Nakamura, Shirô Ôsaka, Hisao Toake, Teruko Nagaoka, Mutsuko Sakura, Toyo Takahashi, Tôru Abe, Sachiko Mitani, Zen Murase, Mitsuhiro Môri",1953,8.1,137,tt0046438,100,Tokyo Story
"Victor Sjöström, Bibi Andersson, Ingrid Thulin, Gunnar Björnstrand, Jullan Kindahl, Folke Sundquist, Björn Bjelfvenstam, Naima Wifstrand, Gunnel Broström, Gertrud Fridh, Sif Ruud, Gunnar Sjöberg, Max von Sydow, Åke Fridell, Yngve Nordwall, Per Sjöstrand, Gio Petré, Gunnel Lindblom",1957,8.1,92,tt0050986,88,Wild Strawberries
"Sylvester Stallone, Talia Shire, Burt Young, Carl Weathers, Burgess Meredith, Thayer David, Joe Spinell, Jimmy Gambina, Bill Baldwin, Al Silvani, George Memmoli, Jodi Letizia, Diana Lewis, George O'Hanlon, Larry Carroll, Stan Shaw, Don Sherman, Billy Sands",1976,8.1,120,tt0075148,70,Rocky
"Hugh Jackman, Patrick Stewart, Dafne Keen, Boyd Holbrook, Stephen Merchant, Elizabeth Rodriguez, Richard E. Grant, Eriq La Salle, Elise Neal, Quincy Fouse, Al Coronel, Frank Gallegos, Anthony Escobar, Reynaldo Gallegos, Krzysztof Soszynski, Stephen Dunlevy, Daniel Bernhardt, Ryan Sturz",2017,8.1,137,tt3315342,77,Logan
"Marlon Brando, Karl Malden, Lee J. Cobb, Rod Steiger, Pat Henning, Leif Erickson, James Westerfield, Tony Galento, Tami Mauriello, John F. Hamilton, John Heldabrand, Rudy Bond, Don Blackman, Arthur Keegan, Abe Simon, Eva Marie Saint, Martin Balsam, Dan Bergin",1954,8.1,108,tt0047296,91,On the Waterfront
"James Stewart, Jean Arthur, Claude Rains, Edward Arnold, Guy Kibbee, Thomas Mitchell, Eugene Pallette, Beulah Bondi, H.B. Warner, Harry Carey, Astrid Allwyn, Ruth Donnelly, Grant Mitchell, Porter Hall, H.V. Kaltenborn, Charles Lane, Pierre Watkin, Dick Elliott",1939,8.1,129,tt0031679,73,Mr. Smith Goes to Washington
"Buster Keaton, Marion Mack, Glen Cavender, Jim Farley, Frederick Vroom, Frank Barnes, Charles Henry Smith, Joe Keaton, Mike Donlin, Tom Nawn, Henry Baird, Joe Bricher, Jimmy Bryant, Sergeant Bukowski, C.C. Cruson, Jack Dempster, Keith Fennell, Budd Fine",1926,8.1,78,tt0017925,,The General
"Yves Montand, Charles Vanel, Peter van Eyck, Folco Lulli, Véra Clouzot, William Tubbs, Darío Moreno, Jo Dest, Antonio Centa, Luis De Lima, Grégoire Gromoff, Josep Palau i Fabre, Faustini, Seguna, Darling Légitimus, René Baranger, Charles Fawcett, Pat Hurst",1953,8.1,156,tt0046268,85,The Wages of Fear
"Robert De Niro, Christopher Walken, John Cazale, John Savage, Meryl Streep, George Dzundza, Chuck Aspegren, Shirley Stoler, Rutanya Alda, Pierre Segui, Mady Kaplan, Amy Wright, Mary Ann Haenel, Richard Kuss, Joe Grifasi, Christopher Colombi Jr., Victoria Karnafel, Jack Scardino",1978,8.1,183,tt0077416,90,The Deer Hunter
"Toni Collette, Philip Seymour Hoffman, Eric Bana, Barry Humphries, Christopher Massey, Oliver Marks, Daisy Kocher, Daniel Marks, Hamish Hughes, Dan Doherty, Julie Forsyth, Mandy Mao, Patrick McCabe, Adam Elliot, Mr. Peck, Michael James Allen, Bill Murphy, Shaun Patten",2009,8.1,92,tt0978762,72,Mary and Max
"Buster Keaton, Kathryn McGuire, Joe Keaton, Erwin Connelly, Ward Crane, Jane Connelly, George Davis, Doris Deane, Christine Francis, Betsy Ann Hisle, Kewpie Morgan, Steve Murphy, John Patrick, Ford West",1924,8.2,,tt0015324,,Sherlock Jr.
"Matt Damon, Christian Bale, Jon Bernthal, Caitríona Balfe, Josh Lucas, Noah Jupe, Tracy Letts, Remo Girone, Ray McKinnon, JJ Feild, Jack McMullen, Corrado Invernizzi, Joe Williamson, Ian Harding, Christopher Darga, Shawn Law, Emil Beheshti, Darrin Prescott",2019,8.1,152,tt1950186,81,Ford v Ferrari
"Charles Chaplin, Mack Swain, Tom Murray, Henry Bergman, Malcolm Waite, Georgia Hale, Jack Adams, Frank Aderias, Leona Aderias, Lillian Adrian, Sam Allen, Claude Anderson, Harry Arras, Albert Austin, F.J. Beauregard, Marta Belfort, William Bell, Francis Bernhardt",1925,8.1,95,tt0015864,90,The Gold Rush
"Darío Grandinetti, María Marull, Mónica Villa, Diego Starosta, Marcelo Frasca, Lucila Mangone, María Laura Caccamo, Carlos Alberto Vavassori, Pablo Machado, Horacio Vay, Javier Pedersoli, Héctor Drachtman, María Rosa López Ottonello, Rita Cortese, Julieta Zylberberg, César Bordón, Juan Santiago Linari, Leonardo Sbaraglia",2014,8.1,122,tt3011894,77,Wild Tales
"Roy Scheider, Robert Shaw, Richard Dreyfuss, Lorraine Gary, Murray Hamilton, Carl Gottlieb, Jeffrey Kramer, Susan Backlinie, Jonathan Filley, Ted Grossman, Chris Rebello, Jay Mello, Lee Fierro, Jeffrey Voorhees, Craig Kingsbury, Robert Nevin, Peter Benchley, Tim Aguirre",1975,8.1,124,tt0073195,87,Jaws
"Daniel Day-Lewis, Pete Postlethwaite, Alison Crosbie, Philip King, Emma Thompson, Nye Heron, Anthony Brophy, Frankie McCafferty, Paul Warriner, Julian Walsh, Stuart Wolfenden, Jo Connor, Karen Carlisle, Seamus Moran, Billy Byrne, Maureen McBride, Jane Nolan, Laurence Griffin",1993,8.1,133,tt0107207,84,In the Name of the Father
"Billy Crystal, John Goodman, Mary Gibbs, Steve Buscemi, James Coburn, Jennifer Tilly, Bob Peterson, John Ratzenberger, Frank Oz, Daniel Gerson, Steve Susskind, Bonnie Hunt, Jeff Pidgeon, Samuel Lord Black, Jack Angel, Bob Bergen, Rodger Bumpass, Gino Conforti",2001,8.1,92,tt0198781,79,"Monsters, Inc."
"Jay Baruchel, Gerard Butler, Christopher Mintz-Plasse, Craig Ferguson, America Ferrera, Jonah Hill, T.J. Miller, Kristen Wiig, Robin Atkin Downes, Philip McGrade, Kieron Elliott, Ashley Jensen, David Tennant, Randy Thom",2010,8.1,98,tt0892769,75,How to Train Your Dragon
"Brad Garrett, Lou Romano, Patton Oswalt, Ian Holm, Brian Dennehy, Peter Sohn, Peter O'Toole, Janeane Garofalo, Will Arnett, Julius Callahan, James Remar, John Ratzenberger, Teddy Newton, Tony Fucile, Jake Steinfeld, Brad Bird, Stéphane Roux, Jack Bird",2007,8.1,111,tt0382932,96,Ratatouille
"Ben Affleck, Rosamund Pike, Neil Patrick Harris, Tyler Perry, Carrie Coon, Kim Dickens, Patrick Fugit, David Clennon, Lisa Banes, Missi Pyle, Emily Ratajkowski, Casey Wilson, Lola Kirke, Boyd Holbrook, Sela Ward, Lee Norris, Jamie McShane, Leonard Kelly-Young",2014,8.1,149,tt2267998,79,Gone Girl
"Song Kang-ho, Kim Sang-kyung, Kim Roe-ha, Song Jae-ho, Byun Hee-Bong, Ko Seo-hie, Ryu Tae-ho, Park No-shik, Park Hae-il, Jeon Mi-seon, Seo Young-hwa, Woo Go-na, Ok-joo Lee, Choi Jong-ryul, Yoo Seung-mok, Hun-Kyung Lee, Shin Hyun-jong, Lee Jae-eung",2003,8.1,131,tt0353969,82,Memories of Murder
"Harrison Ford, Rutger Hauer, Sean Young, Edward James Olmos, M. Emmet Walsh, Daryl Hannah, William Sanderson, Brion James, Joe Turkel, Joanna Cassidy, James Hong, Morgan Paull, Kevin Thompson, John Edward Allen, Hy Pyke, Kimiko Hiroshige, Bob Okazaki, Carolyn DeMirjian",1982,8.1,117,tt0083658,84,Blade Runner
"Ethan Hawke, Julie Delpy, Andrea Eckert, Hanno Pöschl, Karl Bruckschwaiger, Tex Rubinowitz, Erni Mangold, Dominik Castell, Haymon Maria Buttinger, Harald Waiglein, Bilge Jeschim, Kurti, Hans Weingartner, Liese Lyon, Peter Ily Huemer, Otto Reiter, Hubert Fabian Kulterer, Branko Andric",1995,8.1,101,tt0112471,79,Before Sunrise
"Chiwetel Ejiofor, Michael Kenneth Williams, Michael Fassbender, Brad Pitt, Dwight Henry, Dickie Gravois, Bryan Batt, Ashley Dyke, Kelsey Scott, Quvenzhané Wallis, Cameron Zeigler, Tony Bentley, Scoot McNairy, Taran Killam, Christopher Berry, Bill Camp, Mister Mackey Jr., Chris Chalk",2013,8.1,134,tt2024544,96,12 Years a Slave
"Ralph Fiennes, F. Murray Abraham, Mathieu Amalric, Adrien Brody, Willem Dafoe, Jeff Goldblum, Harvey Keitel, Jude Law, Bill Murray, Edward Norton, Saoirse Ronan, Jason Schwartzman, Léa Seydoux, Tilda Swinton, Tom Wilkinson, Owen Wilson, Tony Revolori, Larry Pine",2014,8.1,99,tt2278388,88,The Grand Budapest Hotel
"Tom Holland, Zendaya, Benedict Cumberbatch, Jacob Batalon, Jon Favreau, Jamie Foxx, Willem Dafoe, Alfred Molina, Benedict Wong, Tony Revolori, Marisa Tomei, Andrew Garfield, Tobey Maguire, Angourie Rice, Arian Moayed, Paula Newsome, Hannibal Buress, Martin Starr",2021,8.2,148,tt10872600,71,Spider-Man: No Way Home
"Andrew Garfield, Sam Worthington, Luke Bracey, Teresa Palmer, Richard Pyros, Jacob Warner, Milo Gibson, Darcy Bryce, Roman Guerriero, James Lugton, Kasia Stelmach, Hugo Weaving, Rachel Griffiths, Jarin Towney, Tim McGarry, Tyler Coppin, Richard Platt, Nathaniel Buzolic",2016,8.1,139,tt2119532,71,Hacksaw Ridge
"Reza Naji, Amir Farrokh Hashemian, Bahare Seddiqi, Nafise Jafar-Mohammadi, Fereshte Sarabandi, Kamal Mirkarimi, Behzad Rafiei, Hossein Ahamdloo, Seyed Karym Alikhani, Kazem Asqarpoor, Ali Chaharian, Masume Dair, Reza Dehghan, Navid Feyzabadi, Mohammad Haj Hosseini, Siamak Haj-Amini, Soheil Haj-Amini, Seyd-Ali Hosseini",1997,8.2,89,tt0118849,77,Children of Heaven
"Robin Williams, Robert Sean Leonard, Ethan Hawke, Josh Charles, Gale Hansen, Dylan Kussman, Allelon Ruggiero, James Waterston, Norman Lloyd, Kurtwood Smith, Carla Belver, Leon Pownall, George Martin, Joe Aufiery, Matt Carey, Kevin Cooney, Jane Moore, Lara Flynn Boyle",1989,8.1,128,tt0097165,79,Dead Poets Society
"Ryan O'Neal, Marisa Berenson, Patrick Magee, Hardy Krüger, Steven Berkoff, Gay Hamilton, Marie Kean, Diana Körner, Murray Melvin, Frank Middlemass, André Morell, Arthur O'Sullivan, Godfrey Quigley, Leonard Rossiter, Philip Stone, Leon Vitali, John Bindon, Roger Booth",1975,8.1,185,tt0072684,89,Barry Lyndon
"Hitoshi Takagi, Noriko Hidaka, Chika Sakamoto, Shigesato Itoi, Sumi Shimamoto, Tanie Kitabayashi, Hiroko Maruyama, Machiko Washio, Reiko Suzuki, Masashi Hirose, Toshiyuki Amagasa, Shigeru Chiba, Naoki Tatsuta, Tarako, Tomohiro Nishimura, Mitsuko Ishida, Chie Kôjiro, Daiki Nakamura",1988,8.1,86,tt0096283,87,My Neighbor Totoro
"Tom Hardy, Charlize Theron, Nicholas Hoult, Zoë Kravitz, Hugh Keays-Byrne, Josh Helman, Nathan Jones, Rosie Huntington-Whiteley, Riley Keough, Abbey Lee, Courtney Eaton, John Howard, Richard Carter, Iota, Angus Sampson, Jennifer Hagan, Megan Gale, Melissa Jaffer",2015,8.1,120,tt1392190,90,Mad Max: Fury Road
"Charlton Heston, Jack Hawkins, Stephen Boyd, Haya Harareet, Hugh Griffith, Martha Scott, Cathy O'Donnell, Sam Jaffe, Finlay Currie, Frank Thring, Terence Longdon, George Relph, André Morell, Umberto Alivernini, Carlo Alvieri, Armando Annuale, Artemio Antonini, Nello Appodia",1959,8.1,212,tt0052618,90,Ben-Hur
"Hilary Swank, Clint Eastwood, Morgan Freeman, Jay Baruchel, Mike Colter, Lucia Rijker, Brían F. O'Byrne, Anthony Mackie, Margo Martindale, Riki Lindhome, Michael Peña, Benito Martinez, Bruce MacVittie, David Powledge, Joe D'Angerio, Marcus Chait, Tom McCleister, Erica Grant",2004,8.1,132,tt0405159,86,Million Dollar Baby
"Clint Eastwood, Bee Vang, Christopher Carley, Ahney Her, Brian Haley, Geraldine Hughes, Dreama Walker, Brian Howe, John Carroll Lynch, William Hill, Brooke Chia Thao, Chee Thao, Choua Kue, Scott Eastwood, Xia Soua Chang, Sonny Vue, Doua Moua, Greg Trzaskoma",2008,8.1,116,tt1205489,73,Gran Torino
"Tom Hardy, Nick Nolte, Joel Edgerton, Jennifer Morrison, Frank Grillo, Kevin Dunn, Maximiliano Hernández, Bryan Callen, Sam Sheridan, Fernando Chien, Jake McLaughlin, Vanessa Martinez, Denzel Whitaker, Carlos Miranda, Nick Lehane, Laura Chinn, Capri Thomas, Lexi Cowan",2011,8.1,140,tt1291584,71,Warrior
"Daniel Radcliffe, Emma Watson, Rupert Grint, Michael Gambon, Ralph Fiennes, Alan Rickman, Evanna Lynch, Domhnall Gleeson, Clémence Poésy, Warwick Davis, John Hurt, Helena Bonham Carter, Graham Duff, Anthony Allgood, Rusty Goffe, Jon Key, Kelly Macdonald, Jason Isaacs",2011,8.1,130,tt1201607,85,Harry Potter and the Deathly Hallows: Part 2
"William H. Macy, Frances McDormand, Steve Buscemi, Peter Stormare, Kristin Rudrüd, Harve Presnell, Tony Denman, Gary Houston, Sally Wingert, Kurt Schweickhardt, Larissa Kokernot, Melissa Peterman, Steve Reevis, Warren Keith, Steve Edelman, Sharon Anderson, Larry Brandenburg, James Gaulke",1996,8.1,98,tt0116282,88,Fargo
"Lupita Nyong'o, Pedro Pascal, Kit Connor, Bill Nighy, Stephanie Hsu, Matt Berry, Ving Rhames, Mark Hamill, Catherine O'Hara, Boone Storm, Alexandra Novelle, Raphael Alejandro, Paul-Mikél Williams, Eddie Park, Dee Bradley Baker, Randy Thom, Avrielle Corti, Keston John",2024,8.2,102,tt29623480,85,The Wild Robot
"Robert De Niro, Cathy Moriarty, Joe Pesci, Frank Vincent, Nicholas Colasanto, Theresa Saldana, Mario Gallo, Frank Adonis, Joseph Bono, Frank Topham, Lori Anne Flax, Charles Scorsese, Don Dunphy, Bill Hanrahan, Rita Bennett, James V. Christy, Bernie Allen, Floyd Anderson",1980,8.1,129,tt0081398,90,Raging Bull
"William Holden, Alec Guinness, Jack Hawkins, Sessue Hayakawa, James Donald, Geoffrey Horne, André Morell, Peter Williams, John Boxer, Percy Herbert, Harold Goodwin, Ann Sears, Heihachirô Ôkawa, Keiichirô Katsumoto, M.R.B. Chakrabandhu, Vilaiwan Seeboonreaung, Ngamta Suphaphongs, Javanart Punynchoti",1957,8.1,161,tt0050212,88,The Bridge on the River Kwai
"Ewan McGregor, Ewen Bremner, Jonny Lee Miller, Kevin McKidd, Robert Carlyle, Kelly Macdonald, Peter Mullan, James Cosmo, Eileen Nicholas, Susan Vidler, Pauline Lynch, Shirley Henderson, Stuart McQuarrie, Irvine Welsh, Dale Winton, Keith Allen, Kevin Allen, Annie Louise Ross",1996,8.1,93,tt0117951,83,Trainspotting
"Leonardo DiCaprio, Tom Hanks, Christopher Walken, Martin Sheen, Nathalie Baye, Amy Adams, James Brolin, Brian Howe, Frank John Hughes, Steve Eastin, Chris Ellis, John Finn, Jennifer Garner, Nancy Lenehan, Ellen Pompeo, Elizabeth Banks, Guy Thauvette, Candice Azzara",2002,8.1,141,tt0264464,75,Catch Me If You Can
"Frances McDormand, Woody Harrelson, Sam Rockwell, Caleb Landry Jones, Kerry Condon, Alejandro Barrios, Clarke Peters, Darrell Britt-Gibson, Abbie Cornish, Riya May Atwood, Selah Atwood, Lucas Hedges, Zeljko Ivanek, Amanda Warren, Malaya Rivera Drew, Sandy Martin, Peter Dinklage, Christopher Berry",2017,8.1,115,tt5027774,88,"Three Billboards Outside Ebbing, Missouri"
"Amy Poehler, Bill Hader, Lewis Black, Mindy Kaling, Phyllis Smith, Richard Kind, Kaitlyn Dias, Diane Lane, Kyle MacLachlan, Paula Poundstone, Bobby Moynihan, Paula Pell, Dave Goelz, Frank Oz, Josh Cooley, Flea, John Ratzenberger, Carlos Alazraqui",2015,8.1,95,tt2096673,94,Inside Out
"Hugo Weaving, Natalie Portman, Rupert Graves, Stephen Rea, Stephen Fry, John Hurt, Tim Pigott-Smith, Roger Allam, Ben Miles, Sinéad Cusack, Natasha Wightman, John Standing, Eddie Marsan, Clive Ashborn, Emma Field-Rayner, Ian Burfield, Mark Phoenix, Alister Mazzotti",2005,8.1,132,tt0434409,62,V for Vendetta
"Toshirô Mifune, Machiko Kyô, Masayuki Mori, Takashi Shimura, Minoru Chiaki, Kichijirô Ueda, Noriko Honma, Daisuke Katô",1950,8.1,88,tt0042876,98,Rashomon
"Jason Flemyng, Dexter Fletcher, Nick Moran, Jason Statham, Steven Mackintosh, Nicholas Rowe, Nick Marcq, Charles Forbes, Vinnie Jones, Lenny McLean, Peter McNicholl, P.H. Moriarty, Frank Harper, Steve Sweeney, Huggy Leaver, Ronnie Fox, Tony McMahon, Stephen Marcus",1998,8.1,107,tt0120735,67,"Lock, Stock and Two Smoking Barrels"
"Jack Nicholson, Faye Dunaway, John Huston, Perry Lopez, John Hillerman, Darrell Zwerling, Diane Ladd, Roy Jenson, Roman Polanski, Richard Bakalyan, Joe Mantell, Bruce Glover, Nandu Hinds, James O'Rear, James Hong, Beulah Quo, Jerry Fujikawa, Belinda Palmer",1974,8.1,130,tt0071315,92,Chinatown
"Ricardo Darín, Soledad Villamil, Pablo Rago, Carla Quevedo, Javier Godino, Bárbara Palladino, Rudy Romano, Alejandro Abelenda, Mario Alarcón, Guillermo Francella, Sebastián Blanco, Mariano Argento, José Luis Gioia, Juan José Ortíz, Kiko Cerone, Fernando Pardo, Maximiliano Trento, Sergio Santana",2009,8.2,129,tt1305806,80,The Secret in Their Eyes
"Clark Gable, Vivien Leigh, Thomas Mitchell, Barbara O'Neil, Evelyn Keyes, Ann Rutherford, George Reeves, Fred Crane, Hattie McDaniel, Oscar Polk, Butterfly McQueen, Victor Jory, Everett Brown, Howard Hickman, Alicia Rhett, Leslie Howard, Olivia de Havilland, Rand Brooks",1939,8.2,238,tt0031381,97,Gone with the Wind
"Jason Schwartzman, J.K. Simmons, Rashida Jones, Will Sasso, Neda Margrethe Labba, Sergio Pablos, Norm MacDonald, Joan Cusack, Evan Agos, Sky Alexis, Jaeden Bettencourt, Teddy Blum, Mila Brener, Sydney Brower, Finn Carr, Kendall Joy Hall, Hailey Hermida, Lexie Holland",2019,8.2,96,tt4729430,65,Klaus
"Ray Milland, Grace Kelly, Robert Cummings, John Williams, Anthony Dawson, Leo Britt, Patrick Allen, George Leigh, George Alderson, Robin Hughes, Richard Bender, Robin Sanders Clark, Jack Cunningham, Robert Dobson, Guy Doleman, Bess Flowers, Robert Garvin, Herschel Graham",1954,8.2,105,tt0046912,75,Dial M for Murder
"Anthony Hopkins, John Hurt, Anne Bancroft, John Gielgud, Wendy Hiller, Freddie Jones, Michael Elphick, Hannah Gordon, Helen Ryan, John Standing, Dexter Fletcher, Lesley Dunlop, Phoebe Nicholls, Pat Gorman, Claire Davenport, Orla Pederson, Patsy Smart, Frederick Treves",1980,8.2,124,tt0080678,78,The Elephant Man
"Graham Chapman, John Cleese, Eric Idle, Terry Gilliam, Terry Jones, Michael Palin, Connie Booth, Carol Cleveland, Neil Innes, Bee Duffell, John Young, Rita Davies, Avril Stewart, Sally Kinghorn, Mark Zycon, Elspeth Cameron, Mitsuko Forstater, Sandy Johnson",1975,8.2,91,tt0071853,91,Monty Python and the Holy Grail
"Steve McQueen, James Garner, Richard Attenborough, Charles Bronson, James Donald, Donald Pleasence, James Coburn, Hannes Messemer, David McCallum, Gordon Jackson, John Leyton, Angus Lennie, Nigel Stock, Robert Graf, Jud Taylor, Hans Reiser, Harry Riebauer, William Russell",1963,8.2,172,tt0057115,86,The Great Escape
"Chieko Baishô, Takuya Kimura, Tatsuya Gashûin, Akihiro Miwa, Ryûnosuke Kamiki, Mitsunori Isaki, Yô Ôizumi, Akio Ôtsuka, Daijirô Harada, Haruko Katô, Jean Simmons, Christian Bale, Lauren Bacall, Blythe Danner, Emily Mortimer, Josh Hutcherson, Billy Crystal, Jena Malone",2004,8.2,119,tt0347149,82,Howl's Moving Castle
"Albert Brooks, Ellen DeGeneres, Alexander Gould, Willem Dafoe, Brad Garrett, Allison Janney, Austin Pendleton, Stephen Root, Vicki Lewis, Joe Ranft, Geoffrey Rush, Andrew Stanton, Elizabeth Perkins, Nicholas Bird, Bob Peterson, Barry Humphries, Eric Bana, Bruce Spence",2003,8.2,100,tt0266543,90,Finding Nemo
"Toshirô Mifune, Eijirô Tôno, Tatsuya Nakadai, Yôko Tsukasa, Isuzu Yamada, Daisuke Katô, Seizaburô Kawazu, Takashi Shimura, Hiroshi Tachikawa, Yôsuke Natsuki, Kamatari Fujiwara, Ikio Sawamura, Atsushi Watanabe, Susumu Fujita, Kyû Sazanka, Kô Nishimura, Takeshi Katô, Ichirô Nakatani",1961,8.2,110,tt0055630,93,Yojimbo
"Luigi Lo Cascio, Alessio Boni, Jasmine Trinca, Adriana Asti, Sonia Bergamasco, Fabrizio Gifuni, Maya Sansa, Valentina Carnelutti, Andrea Tidona, Lidia Vitale, Claudio Gioè, Paolo Bonanni, Giovanni Scifoni, Riccardo Scamarcio, Camilla Filippi, Mario Schiano, Michele Melega, Thérèse Vaddem",2003,8.5,374,tt0346336,89,The Best of Youth
"Humphrey Bogart, Walter Huston, Tim Holt, Bruce Bennett, Barton MacLane, Alfonso Bedoya, Arturo Soto Rangel, Manuel Dondé, José Torvay, Margarito Luna, Robert Blake, Guillermo Calles, Roberto Cañedo, Spencer Chan, Jacqueline Dalya, Ralph Dunn, Ernesto Escoto, Pat Flaherty",1948,8.2,126,tt0040897,98,The Treasure of the Sierra Madre
"Hugh Jackman, Jake Gyllenhaal, Viola Davis, Melissa Leo, Maria Bello, Terrence Howard, Paul Dano, Dylan Minnette, Zoë Soul, Erin Gerasimovich, Kyla-Drew, Wayne Duvall, Len Cariou, David Dastmalchian, Brad James, Anthony Reynolds, Robert C. Treveiler, Sandra Ellis Lafferty",2013,8.2,153,tt1392214,70,Prisoners
"Russell Crowe, Ed Harris, Jennifer Connelly, Christopher Plummer, Paul Bettany, Adam Goldberg, Josh Lucas, Anthony Rapp, Jason Gray-Stanford, Judd Hirsch, Austin Pendleton, Vivien Cardone, Jillie Simon, Victor Steinbach, Tanya Clarke, Thomas F. Walsh, Jesse Doran, Kent Cassella",2001,8.2,135,tt0268978,72,A Beautiful Mind
"Uma Thurman, David Carradine, Daryl Hannah, Michael Madsen, Lucy Liu, Vivica A. Fox, Julie Dreyfus, Chiaki Kuriyama, Shin'ichi Chiba, Chia-Hui Liu, Michael Parks, Michael Bowen, Jun Kunimura, Kenji Ôba, Yuki Kazamatsuri, James Parks, Sakichi Sato, Jonathan Loughran",2003,8.2,111,tt0266697,69,Kill Bill: Vol. 1
"Ivana Baquero, Ariadna Gil, Sergi López, Maribel Verdú, Doug Jones, Álex Angulo, Manolo Solo, César Vea, Roger Casamajor, Ivan Massagué, Gonzalo Uriarte, Eusebio Lázaro, Francisco Vidal, Juanjo Cucalón, Lina Mira, Mario Zorrilla, Sebastián Haro, Mila Espiga",2006,8.2,118,tt0457430,98,Pan's Labyrinth
"Clint Eastwood, Gene Hackman, Morgan Freeman, Richard Harris, Jaimz Woolvett, Saul Rubinek, Frances Fisher, Anna Thomson, David Mucci, Rob Campbell, Anthony James, Tara Frederick, Beverley Elliott, Liisa Repo-Martell, Josie Smith, Shane Thomas Meier, Aline Levasseur, Cherrilene Cardinal",1992,8.2,130,tt0105695,85,Unforgiven
"Kurt Russell, Wilford Brimley, Keith David, Richard Masur, T.K. Carter, David Clennon, Richard Dysart, Charles Hallahan, Peter Maloney, Donald Moffat, Joel Polis, Thomas G. Waites, Norbert Weisser, Larry Franco, Nate Irwin, William Zeman, Adrienne Barbeau, John Carpenter",1982,8.2,109,tt0084787,57,The Thing
"Tommy Lee Jones, Javier Bardem, Josh Brolin, Woody Harrelson, Kelly Macdonald, Garret Dillahunt, Tess Harper, Barry Corbin, Stephen Root, Rodger Boyce, Beth Grant, Ana Reeder, Kit Gwin, Zach Hopkins, Chip Love, Eduardo Antonio Garcia, Gene Jones, Myk Watford",2007,8.2,122,tt0477348,92,No Country for Old Men
"Tom Cruise, Jennifer Connelly, Miles Teller, Val Kilmer, Bashir Salahuddin, Jon Hamm, Charles Parnell, Monica Barbaro, Lewis Pullman, Jay Ellis, Danny Ramirez, Glen Powell, Jack Schumacher, Manny Jacinto, Kara Wang, Greg Tarzan Davis, Jake Picking, Raymond Lee",2022,8.2,130,tt1745960,78,Top Gun: Maverick
"Robert De Niro, Sharon Stone, Joe Pesci, James Woods, Don Rickles, Alan King, Kevin Pollak, L.Q. Jones, Dick Smothers, Frank Vincent, John Bloom, Pasquale Cajano, Melissa Prophet, Bill Allison, Vinny Vella, Philip Suriano, Erika von Tagen, Frankie Avalon",1995,8.2,178,tt0112641,73,Casino
"Tatsuya Nakadai, Akira Terao, Jinpachi Nezu, Daisuke Ryû, Mieko Harada, Yoshiko Miyazaki, Hisashi Igawa, Pîtâ, Masayuki Yui, Kazuo Katô, Norio Matsui, Toshiya Ito, Kenji Kodama, Takashi Watanabe, Mansai Nomura, Takeshi Katô, Jun Tazaki, Hitoshi Ueki",1985,8.2,160,tt0089881,97,Ran
"Bruce Willis, Haley Joel Osment, Toni Collette, Olivia Williams, Trevor Morgan, Donnie Wahlberg, Peter Anthony Tambakis, Jeffrey Zubernis, Bruce Norris, Glenn Fitzgerald, Greg Wood, Mischa Barton, Angelica Page, Lisa Summerour, Firdous Bamji, Samia Shoaib, Hayden Saunier, Janis Dardaris",1999,8.2,107,tt0167404,64,The Sixth Sense
"Daniel Day-Lewis, Paul Dano, Ciarán Hinds, Martin Stringer, Matthew Braden Stringer, Jacob Stringer, Joseph Mussey, Barry Del Sherman, Harrison Taylor, Stockton Taylor, Paul F. Tompkins, Dillon Freasier, Kevin Breznahan, Jim Meskimen, Erica Sullivan, Randall Carver, Coco Leigh, Sydney McCallister",2007,8.2,158,tt0469494,93,There Will Be Blood
"Bette Davis, Anne Baxter, George Sanders, Celeste Holm, Gary Merrill, Hugh Marlowe, Gregory Ratoff, Barbara Bates, Marilyn Monroe, Thelma Ritter, Walter Hampden, Randy Stuart, Craig Hill, Leland Harris, Barbara White, Eddie Fisher, William Pullen, Claude Stroud",1950,8.2,138,tt0042192,98,All About Eve
"Sam Neill, Laura Dern, Jeff Goldblum, Richard Attenborough, Bob Peck, Martin Ferrero, BD Wong, Joseph Mazzello, Ariana Richards, Samuel L. Jackson, Wayne Knight, Gerald R. Molen, Miguel Sandoval, Cameron Thor, Christopher John Fields, Whit Flint, Dean Cundey, Jophery C. Brown",1993,8.2,127,tt0107290,68,Jurassic Park
"Anthony Hopkins, Olivia Colman, Mark Gatiss, Olivia Williams, Imogen Poots, Rufus Sewell, Ayesha Dharker, Roman Zeller, Adnan Kundi, Brian Rodger, Evie Wray",2020,8.2,97,tt10272386,88,The Father
"Charles Chaplin, Edna Purviance, Jackie Coogan, Carl Miller, Albert Austin, Beulah Bains, Nellie Bly Baker, Henry Bergman, Edward Biby, B.F. Blinn, Kitty Bradbury, Frank Campeau, Bliss Chevalier, Frances Cochran, Elsie Codd, Jack Coogan Sr., Estelle Cook, Lillian Crane",1921,8.2,68,tt0012349,,The Kid
"Leonardo DiCaprio, Emily Mortimer, Mark Ruffalo, Ben Kingsley, Max von Sydow, Michelle Williams, Patricia Clarkson, Jackie Earle Haley, Ted Levine, John Carroll Lynch, Elias Koteas, Robin Bartlett, Christopher Denham, Nellie Sciutto, Joseph Sikora, Curtiss Cook, Raymond Anthony Thomas, Joseph McKenna",2010,8.2,138,tt1130884,63,Shutter Island
"Marilyn Monroe, Tony Curtis, Jack Lemmon, George Raft, Pat O'Brien, Joe E. Brown, Nehemiah Persoff, Joan Shawlee, Billy Gray, George E. Stone, Dave Barry, Mike Mazurki, Harry Wilson, Beverly Wills, Barbara Drew, Edward G. Robinson Jr., Sam Bagley, Brandon Beach",1959,8.2,121,tt0053291,98,Some Like It Hot
"Spencer Tracy, Burt Lancaster, Richard Widmark, Marlene Dietrich, Maximilian Schell, Judy Garland, Montgomery Clift, William Shatner, Werner Klemperer, Kenneth MacKenna, Torben Meyer, Joseph Bernard, Alan Baxter, Edward Binns, Virginia Christine, Otto Waldis, Karl Swenson, Martin Brandt",1961,8.3,179,tt0055031,60,Judgment at Nuremberg
"Clint Eastwood, Lee Van Cleef, Gian Maria Volontè, Mara Krupp, Luigi Pistilli, Klaus Kinski, Luis Rodríguez, Benito Stefanelli, Panos Papadopulos, Aldo Sambrell, Roberto Camardiel, Joseph Egger, Tomás Blanco, Lorenzo Robledo, Dante Maggio, Sergio Mendizábal, Diana Rabito, Giovanni Tarallo",1965,8.2,132,tt0059578,74,For a Few Dollars More
"Jim Carrey, Ed Harris, Laura Linney, Noah Emmerich, Natascha McElhone, Holland Taylor, Brian Delate, Blair Slater, Peter Krause, Heidi Schanz, Ron Taylor, Don Taylor, Ted Raymond, Judy Clayton, Fritz Dominique, Angel Schmiedt, Nastassja Schmiedt, Muriel Moore",1998,8.2,103,tt0120382,90,The Truman Show
"Christian Bale, Michael Caine, Ken Watanabe, Liam Neeson, Katie Holmes, Gary Oldman, Cillian Murphy, Tom Wilkinson, Rutger Hauer, Linus Roache, Mark Boone Junior, Morgan Freeman, Larry Holden, Gerard Murphy, Colin McFarlane, Sara Stewart, Gus Lewis, Richard Brake",2005,8.2,140,tt0372784,70,Batman Begins
"Robert De Niro, Jodie Foster, Cybill Shepherd, Albert Brooks, Diahnne Abbott, Frank Adu, Victor Argo, Gino Ardito, Garth Avery, Peter Boyle, Harry Cohn, Copper Cunningham, Brenda Dickson, Harry Fischler, Nat Grant, Leonard Harris, Richard Higgs, Beau Kayser",1976,8.2,114,tt0075314,94,Taxi Driver
"Viggo Mortensen, Mahershala Ali, Linda Cardellini, Sebastian Maniscalco, Dimiter D. Marinov, Mike Hatton, P.J. Byrne, Joe Cortese, Mary Agnes Nixon, Von Lewis, Jon Sortland, Don Stark, Anthony Mangano, Paul Sloan, Quinn Duffy, Seth Hurwitz, Hudson Galloway, Gavin Lyle Foley",2018,8.2,130,tt6966692,69,Green Book
"Lin-Manuel Miranda, Phillipa Soo, Leslie Odom Jr., Renée Elise Goldsberry, Daveed Diggs, Jonathan Groff, Chris Jackson, Jasmine Cephas Jones, Okieriete Onaodowan, Anthony Ramos, Carleigh Bettiol, Ariana DeBose, Hope Easterbrook, Sydney James Harcourt, Sasha Hutchings, Thayne Jasperson, Elizabeth Judd, Jon Rua",2020,8.3,160,tt8503618,88,Hamilton
"Leonardo DiCaprio, Jonah Hill, Margot Robbie, Matthew McConaughey, Kyle Chandler, Rob Reiner, Jon Bernthal, Jon Favreau, Jean Dujardin, Joanna Lumley, Cristin Milioti, Christine Ebersole, Shea Whigham, Katarina Cas, P.J. Byrne, Kenneth Choi, Brian Sacca, Henry Zebrowski",2013,8.2,180,tt0993846,75,The Wolf of Wall Street
"Aamir Khan, Sakshi Tanwar, Fatima Sana Shaikh, Sanya Malhotra, Aparshakti Khurana, Zaira Wasim, Suhani Bhatnagar, Ritvik Sahore, Girish Kulkarni, Ravi Aneja, Anurag Arora, Mahesh Balraj, Vivan Bhatena, Anmol Charan, Karamveer Choudhary, Ishika Gagneja, Badrul Islam, Jagbir",2016,8.3,161,tt5074352,,Dangal
"Bruno Ganz, Alexandra Maria Lara, Ulrich Matthes, Juliane Köhler, Corinna Harfouch, Heino Ferch, Christian Berkel, Matthias Habich, Thomas Kretschmann, Michael Mendl, André Hennicke, Ulrich Noethen, Birgit Minichmayr, Rolf Kanies, Justus von Dohnányi, Dieter Mann, Christian Redl, Götz Otto",2004,8.2,156,tt0363163,82,Downfall
"Lamberto Maggiorani, Enzo Staiola, Lianella Carell, Elena Altieri, Gino Saltamerenda, Giulio Chiari, Vittorio Antonucci, Michele Sakara, Fausto Guerzoni, Carlo Jachino, Giulio Battiferri, Ida Bracci Dorati, Nando Bruno, Eolo Capritti, Memmo Carotenuto, Emma Druetti, Veriano Ginesi, Piero Heliczer",1948,8.2,89,tt0040522,,Bicycle Thieves
"Kevin Spacey, Russell Crowe, Guy Pearce, Kim Basinger, James Cromwell, Danny DeVito, David Strathairn, Ron Rifkin, Matt McCoy, Paul Guilfoyle, Paolo Seganti, Elisabeth Granli, Sandra Taylor, Steve Rankin, Graham Beckel, Allan Graf, Precious Chong, Symba",1997,8.2,138,tt0119488,91,L.A. Confidential
"Dean-Charles Chapman, George MacKay, Daniel Mays, Colin Firth, Pip Carter, Andy Apollo, Paul Tinto, Josef Davies, Billy Postlethwaite, Gabriel Akuwudike, Andrew Scott, Spike Leighton, Robert Maaser, Gerran Howell, Adam Hugill, Mark Strong, Richard McCabe, Benjamin Adams",2019,8.2,119,tt8579674,78,1917
"Jason Statham, Brad Pitt, Stephen Graham, Vinnie Jones, Ade, William Beck, Andy Beckwith, Ewen Bremner, Jason Buckham, Mickey Cantwell, Nicola Collins, Teena Collins, Charles Cork, James Cunningham, Sorcha Cusack, Mickey Dee, Benicio Del Toro, Sam Douglas",2000,8.2,104,tt0208092,55,Snatch
"Cillian Murphy, Emily Blunt, Matt Damon, Robert Downey Jr., Alden Ehrenreich, Scott Grimes, Jason Clarke, Kurt Koehler, Tony Goldwyn, John Gowans, Macon Blair, James D'Arcy, Kenneth Branagh, Harry Groener, Gregory Jbara, Ted King, Tim DeKay, Steven Houska",2023,8.3,180,tt15398776,90,Oppenheimer
"Brigitte Helm, Alfred Abel, Gustav Fröhlich, Rudolf Klein-Rogge, Fritz Rasp, Theodor Loos, Erwin Biswanger, Heinrich George, Fritz Alberti, Grete Berger, Olly Boeheim, Max Dietze, Ellen Frey, Beatrice Garga, Heinrich Gotho, Dolly Grey, Anny Hintze, Gottfried Huppertz",1927,8.3,153,tt0017136,98,Metropolis
"Münir Özkul, Tarik Akan, Kemal Sunal, Adile Nasit, Halit Akçatepe, Semra Özdamar, Sener Sen, Tayfun Akalin, Tuncay Akça, Leman Akçatepe, Sitki Akçatepe, Ahmet Ariman, Orhan Aydinbas, Teoman Ayik, Ertugrul Bilda, Talat Dumanli, Ekrem Dümer, Dilaver Gür",1975,8.7,95,tt0252488,,The Chaos Class Failed the Class
"Malcolm McDowell, Patrick Magee, Michael Bates, Warren Clarke, John Clive, Adrienne Corri, Carl Duering, Paul Farrell, Clive Francis, Michael Gover, Miriam Karlin, James Marcus, Aubrey Morris, Godfrey Quigley, Sheila Raynor, Madge Ryan, John Savident, Anthony Sharp",1971,8.2,136,tt0066921,77,A Clockwork Orange
"Paul Newman, Robert Redford, Robert Shaw, Charles Durning, Ray Walston, Eileen Brennan, Harold Gould, John Heffernan, Dana Elcar, Jack Kehoe, Dimitra Arliss, Robert Earl Jones, James Sloyan, Charles Dierkop, Lee Paul, Sally Kirkland, Avon Long, Arch Johnson",1973,8.2,129,tt0070735,83,The Sting
"Harrison Ford, Sean Connery, Alison Doody, Denholm Elliott, John Rhys-Davies, Julian Glover, River Phoenix, Michael Byrne, Kevork Malikyan, Robert Eddison, Richard Young, Alexei Sayle, Alex Hyde-White, Paul Maxwell, Isla Blair, Vernon Dobtcheff, J.J. Hardy, Bradley Gregg",1989,8.2,127,tt0097576,65,Indiana Jones and the Last Crusade
"Bruce Willis, Alan Rickman, Bonnie Bedelia, Reginald VelJohnson, Paul Gleason, De'voreaux White, William Atherton, Hart Bochner, James Shigeta, Alexander Godunov, Bruno Doyon, Andreas Wisniewski, Clarence Gilyard Jr., Joseph Plewa, Lorenzo Caccialanza, Gérard Bonn, Dennis Hayden, Al Leong",1988,8.2,132,tt0095016,72,Die Hard
"Gregory Peck, John Megna, Frank Overton, Rosemary Murphy, Ruth White, Brock Peters, Estelle Evans, Paul Fix, Collin Wilcox Paxton, James Anderson, Alice Ghostley, Robert Duvall, William Windom, Crahan Denton, Richard Hale, Mary Badham, Phillip Alford, R.L. Armstrong",1962,8.3,129,tt0056592,88,To Kill a Mockingbird
"Payman Maadi, Leila Hatami, Sareh Bayat, Shahab Hosseini, Sarina Farhadi, Babak Karimi, Ali-Asghar Shahbazi, Kimia Hosseini, Shirin Yazdanbakhsh, Merila Zare'i, Mohammadhasan Asghari, Shirin Azimiyannezhad, Hamid Dadju, Mohammad Ebrahimian, Samad Farhang, Ali Fattahi, Nafise Ghodrati, Roya Hosseini",2011,8.3,123,tt1832382,95,A Separation
"Darsheel Safary, Aamir Khan, Tisca Chopra, Vipin Sharma, Tanay Chheda, Sachet Engineer, Girija Oak, Lalitha Lajmi, Ravi Khanvilkar, Pratima Kulkarni, Meghna Malik, Sonali Sachdev, Sanjay Dadhich, Rajgopal Iyer, Bugs Bhargava Krishna, Shankar Sachdev, M.K. Raina, Gurkirtan",2007,8.3,162,tt0986264,,Like Stars on Earth
"Audrey Tautou, Mathieu Kassovitz, Rufus, Lorella Cravotta, Serge Merlin, Jamel Debbouze, Clotilde Mollet, Claire Maurier, Isabelle Nanty, Dominique Pinon, Artus de Penguern, Yolande Moreau, Urbain Cancelier, Maurice Bénichou, Michel Robin, Andrée Damant, Claude Perron, Armelle",2001,8.3,122,tt0211915,70,Amélie
"James Stewart, Kim Novak, Barbara Bel Geddes, Tom Helmore, Henry Jones, Raymond Bailey, Ellen Corby, Konstantin Shayne, Lee Patrick, David Ahdar, Isabel Analla, Jack Ano, Margaret Bacon, John Benson, Danny Borzage, Margaret Brayton, Paul Bryar, Boyd Cabeen",1958,8.2,128,tt0052357,100,Vertigo
"Matthew Modine, R. Lee Ermey, Vincent D'Onofrio, Adam Baldwin, Dorian Harewood, Kevyn Major Howard, Arliss Howard, Ed O'Ross, John Terry, Kieron Jecchinis, Kirk Taylor, Tim Colceri, Jon Stafford, Bruce Boa, Ian Tyler, Sal Lopez, Gary Landon Mills, Papillon Soo",1987,8.2,116,tt0093058,78,Full Metal Jacket
"Orson Welles, Joseph Cotten, Dorothy Comingore, Agnes Moorehead, Ruth Warrick, Ray Collins, Erskine Sanford, Everett Sloane, William Alland, Paul Stewart, George Coulouris, Fortunio Bonanova, Gus Schilling, Philip Van Zandt, Georgia Backus, Harry Shannon, Sonny Bupp, Buddy Swan",1941,8.3,119,tt0033467,100,Citizen Kane
"Peter Lorre, Ellen Widmann, Inge Landgut, Otto Wernicke, Theodor Loos, Gustaf Gründgens, Friedrich Gnaß, Fritz Odemar, Paul Kemp, Theo Lingen, Rudolf Blümner, Georg John, Franz Stein, Ernst Stahl-Nachbaur, Gerhard Bienert, Karl Platen, Rosa Valetti, Hertha von Walther",1931,8.3,117,tt0022100,,M
"Edward Asner, Jordan Nagai, John Ratzenberger, Christopher Plummer, Bob Peterson, Delroy Lindo, Jerome Ranft, David Kaye, Elie Docter, Jeremy Leary, Mickie McGowan, Danny Mann, Donald Fullilove, Jess Harnell, Josh Cooley, Pete Docter, Mark Andrews, Bob Bergen",2009,8.3,96,tt1049413,88,Up
"Cary Grant, Eva Marie Saint, James Mason, Jessie Royce Landis, Leo G. Carroll, Josephine Hutchinson, Philip Ober, Martin Landau, Adam Williams, Edward Platt, Robert Ellenstein, Les Tremayne, Philip Coolidge, Patrick McVey, Edward Binns, Ken Lynch, Stanley Adams, David Ahdar",1959,8.3,136,tt0053125,98,North by Northwest
"Fred MacMurray, Barbara Stanwyck, Edward G. Robinson, Byron Barr, Porter Hall, Jean Heather, Tom Powers, Richard Gaines, Fortunio Bonanova, John Philliber, Lev Abramov, James Adamson, John Berry, Raymond Chandler, Edmund Cobb, Kernan Cripps, Betty Farrington, Bess Flowers",1944,8.3,107,tt0036775,95,Double Indemnity
"Al Pacino, Robert De Niro, Val Kilmer, Jon Voight, Tom Sizemore, Diane Venora, Amy Brenneman, Ashley Judd, Mykelti Williamson, Wes Studi, Ted Levine, Dennis Haysbert, William Fichtner, Natalie Portman, Tom Noonan, Kevin Gage, Hank Azaria, Susan Traylor",1995,8.3,170,tt0113277,76,Heat
"Al Pacino, Michelle Pfeiffer, Steven Bauer, Mary Elizabeth Mastrantonio, Robert Loggia, Miriam Colon, F. Murray Abraham, Paul Shenar, Harris Yulin, Ángel Salazar, Arnaldo Santana, Pepe Serna, Michael P. Moran, Al Israel, Dennis Holahan, Mark Margolis, Michael Alldredge, Ted Beniades",1983,8.3,170,tt0086250,65,Scarface
"Harvey Keitel, Tim Roth, Michael Madsen, Chris Penn, Steve Buscemi, Lawrence Tierney, Randy Brooks, Kirk Baltz, Edward Bunker, Quentin Tarantino, Rich Turner, David Steen, Tony Cosmo, Stevo Polyi, Michael Sottile, Robert Ruth, Lawrence Bender, Linda Kaye",1992,8.3,99,tt0105236,81,Reservoir Dogs
"Aamir Khan, Madhavan, Mona Singh, Sharman Joshi, Kareena Kapoor, Boman Irani, Omi Vaidya, Jaaved Jaaferi, Parikshit Sahni, Olivier Lafont, Rahul Kumar, Amardeep Jha, Farida Dadi, Mukund Bhatt, Chaitali Bose, Jayant Kripalani, Arun Bali, Shoaib Ahmed",2009,8.4,170,tt1187043,67,3 Idiots
"Ryûnosuke Kamiki, Mone Kamishiraishi, Ryo Narita, Aoi Yûki, Nobunaga Shimazaki, Kaito Ishikawa, Kanon Tani, Masaki Terasoma, Sayaka Ôhara, Kazuhiko Inoue, Chafûrin, Kana Hanazawa, Yuka Terasaki, Takashi Onozuka, Yôhei Namekawa, Miyu Tsuji, Shin'ya Hamazoe, Kanami Satô",2016,8.4,106,tt5311514,81,Your Name.
"Yôji Matsuda, Yuriko Ishida, Yûko Tanaka, Billy Crudup, Billy Bob Thornton, Minnie Driver, John DiMaggio, Claire Danes, John DeMita, Jada Pinkett Smith, Gillian Anderson, Keith David, Corey Burton, Tara Strong, Julia Fletcher, Debi Derryberry, Alex Fernandez, Jack Fletcher",1997,8.3,133,tt0119698,78,Princess Mononoke
"Kevin Spacey, Annette Bening, Thora Birch, Wes Bentley, Mena Suvari, Peter Gallagher, Allison Janney, Chris Cooper, Scott Bakula, Sam Robards, Barry Del Sherman, Ara Celi, John Cho, Fort Atkinson, Sue Casey, Kent Faulcon, Brenda Wehle, Lisa Cloud",1999,8.3,122,tt0169547,84,American Beauty
"Mel Gibson, Sophie Marceau, Patrick McGoohan, Angus Macfadyen, James Robinson, Sean Lawlor, Sandy Nelson, James Cosmo, Sean McGinley, Alan Tall, Andrew Weir, Gerda Stevenson, Ralph Riach, Mhairi Calvey, Brian Cox, Peter Hanly, Stephen Billington, Barry McGovern",1995,8.3,178,tt0112573,68,Braveheart
"Jürgen Prochnow, Herbert Grönemeyer, Klaus Wennemann, Hubertus Bengsch, Martin Semmelrogge, Bernd Tauber, Erwin Leder, Martin May, Heinz Hoenig, Uwe Ochsenknecht, Claude-Oliver Rudolph, Jan Fedder, Ralf Richter, Joachim Bernhard, Oliver Stritzel, Konrad Becker, Lutz Schnell, Martin Hemme",1981,8.4,149,tt0082096,85,Das Boot
"Toshirô Mifune, Yutaka Sada, Tatsuya Nakadai, Kyôko Kagawa, Tatsuya Mihashi, Isao Kimura, Kenjirô Ishiyama, Takeshi Katô, Takashi Shimura, Jun Tazaki, Nobuo Nakamura, Yûnosuke Itô, Tsutomu Yamazaki, Minoru Chiaki, Eijirô Tôno, Masao Shimizu, Masahiko Shimazu, Toshio Egi",1963,8.4,143,tt0057565,90,High and Low
"Choi Min-sik, Yoo Ji-tae, Kang Hye-jeong, Kim Byeong-Ok, Ji Dae-han, Oh Dal-su, Lee Seung-shin, Yoon Jin-seo, Oh Tae-kyung, Yoo Yeon-seok, Il-han Oo, Lee Young-hee, Kim Young Ae, Mi Mi Lee, Jae-Duk Han, Jung Ae Kwak, San Kim, Chae-soo Jang",2003,8.3,120,tt0364569,78,Oldboy
"Peter Sellers, George C. Scott, Sterling Hayden, Keenan Wynn, Slim Pickens, Peter Bull, James Earl Jones, Tracy Reed, Jack Creley, Frank Berry, Robert O'Neil, Glenn Beck, Roy Stephens, Shane Rimmer, Hal Galili, Paul Tamarin, Laurence Herder, Gordon Tanner",1964,8.3,95,tt0057012,97,Dr. Strangelove or: How I Learned to Stop Worrying and Love the Bomb
"Robin Williams, Matt Damon, Ben Affleck, Stellan Skarsgård, John Mighton, Rachel Majorowski, Colleen McCauley, Casey Affleck, Cole Hauser, Matt Mercier, Ralph St. George, Rob Lynds, Dan Washington, Alison Folland, Derrick Bridgeman, Vik Sahay, Shannon Egleson, Rob Lyons",1997,8.3,126,tt0119217,71,Good Will Hunting
"Tom Hanks, Tim Allen, Don Rickles, Jim Varney, Wallace Shawn, John Ratzenberger, Annie Potts, John Morris, Erik von Detten, Laurie Metcalf, R. Lee Ermey, Sarah Rayne, Penn Jillette, Jack Angel, Spencer Aste, Greg Berg, Lisa Bradley, Kendall Cunningham",1995,8.3,81,tt0114709,96,Toy Story
"Robert Downey Jr., Chris Evans, Mark Ruffalo, Chris Hemsworth, Scarlett Johansson, Jeremy Renner, Don Cheadle, Paul Rudd, Benedict Cumberbatch, Chadwick Boseman, Brie Larson, Tom Holland, Karen Gillan, Zoe Saldaña, Evangeline Lilly, Tessa Thompson, Rene Russo, Elizabeth Olsen",2019,8.4,181,tt4154796,78,Avengers: Endgame
"F. Murray Abraham, Tom Hulce, Elizabeth Berridge, Roy Dotrice, Simon Callow, Christine Ebersole, Jeffrey Jones, Charles Kay, Kenneth McMillan, Kenny Baker, Lisbeth Bartlett, Barbara Bryne, Martin Cavina, Roderick Cook, Milan Demjanenko, Peter DiGesu, Richard Frank, Patrick Hines",1984,8.4,160,tt0086879,87,Amadeus
"Anthony Gonzalez, Gael García Bernal, Benjamin Bratt, Alanna Ubach, Renee Victor, Jaime Camil, Alfonso Arau, Herbert Siguenza, Gabriel Iglesias, Lombardo Boyar, Ana Ofelia Murguía, Natalia Cordova-Buckley, Selene Luna, Edward James Olmos, Sofía Espinosa, Carla Medina, Dyana Ortelli, Luis Valdez",2017,8.4,105,tt2380307,81,Coco
"Christian Bale, Tom Hardy, Anne Hathaway, Gary Oldman, Joseph Gordon-Levitt, Marion Cotillard, Morgan Freeman, Michael Caine, Matthew Modine, Alon Aboutboul, Ben Mendelsohn, Burn Gorman, Daniel Sunjata, Aidan Gillen, Sam Kennard, Aliash Tepina, Nestor Carbonell, Brett Cullen",2012,8.4,164,tt1345836,78,The Dark Knight Rises
"Sigourney Weaver, Michael Biehn, Carrie Henn, Paul Reiser, Lance Henriksen, Bill Paxton, William Hope, Jenette Goldstein, Al Matthews, Mark Rolston, Ricco Ross, Colette Hiller, Daniel Kash, Cynthia Dale Scott, Tip Tipping, Trevor Steedman, Paul Maxwell, Valerie Colgan",1986,8.4,137,tt0090605,84,Aliens
"Brad Pitt, Diane Kruger, Eli Roth, Mélanie Laurent, Christoph Waltz, Michael Fassbender, Daniel Brühl, Til Schweiger, Gedeon Burkhard, Jacky Ido, B.J. Novak, Omar Doom, August Diehl, Denis Ménochet, Sylvester Groth, Martin Wuttke, Mike Myers, Julie Dreyfus",2009,8.4,153,tt0361748,69,Inglourious Basterds
"Vikrant Massey, Medha Shankr, Anant Joshi, Anshuman Pushkar, Geeta Agrawal Sharma, Harish Khanna, Sarita Joshi, Priyanshu Chatterjee, Vikas Divyakirti, Abhishek Sengupta, Triaksh Chhabra, Darius Chinoy, Vijay Kumar Dogra, Fasi Khan, Sam Mohan, Rahul Dev Shetty, Suraj Naagar, Sanjay Bishnoi",2023,8.7,147,tt23849204,,12th Fail
"Charles Chaplin, Paulette Goddard, Jack Oakie, Reginald Gardiner, Henry Daniell, Billy Gilbert, Grace Hayle, Carter DeHaven, Maurice Moscovitch, Emma Dunn, Bernard Gorcey, Paul Weigel, Chester Conklin, Esther Michelson, Hank Mann, Florence Wright, Eddie Gribbon, Rudolph Anders",1940,8.4,125,tt0032553,,The Great Dictator
"Jack Nicholson, Shelley Duvall, Danny Lloyd, Scatman Crothers, Barry Nelson, Philip Stone, Joe Turkel, Anne Jackson, Tony Burton, Lia Beldam, Billie Gibson, Barry Dennen, David Baxt, Manning Redwood, Lisa Burns, Louise Burns, Robin Pappas, Alison Coleridge",1980,8.4,146,tt0081505,68,The Shining
"Kirk Douglas, Ralph Meeker, Adolphe Menjou, George Macready, Wayne Morris, Richard Anderson, Joe Turkel, Christiane Kubrick, Jerry Hausner, Peter Capell, Emile Meyer, Bert Freed, Kem Dibbs, Timothy Carey, Fred Bell, John Stein, Harold Benedict, Leon Briggs",1957,8.4,88,tt0050825,90,Paths of Glory
"Tyrone Power, Marlene Dietrich, Charles Laughton, Elsa Lanchester, John Williams, Henry Daniell, Ian Wolfe, Torin Thatcher, Norma Varden, Una O'Connor, Francis Compton, Philip Tonge, Ruta Lee, Patrick Aherne, Don Ames, Larry Arnold, Walter Bacon, Eddie Baker",1957,8.4,116,tt0051201,76,Witness for the Prosecution
"Shameik Moore, Jake Johnson, Hailee Steinfeld, Mahershala Ali, Brian Tyree Henry, Lily Tomlin, Luna Lauren Velez, Zoë Kravitz, John Mulaney, Kimiko Glenn, Nicolas Cage, Kathryn Hahn, Liev Schreiber, Chris Pine, Natalie Morales, Edwin R. Habacon, Oscar Isaac, Greta Lee",2018,8.4,117,tt4633694,87,Spider-Man: Into the Spider-Verse
"William Holden, Gloria Swanson, Erich von Stroheim, Nancy Olson, Fred Clark, Lloyd Gough, Jack Webb, Franklyn Farnum, Larry J. Blake, Charles Dayton, Cecil B. DeMille, Hedda Hopper, Buster Keaton, Anna Q. Nilsson, H.B. Warner, Ray Evans, Jay Livingston, Fred Aldrich",1950,8.4,110,tt0043014,94,Sunset Boulevard
"Ulrich Mühe, Martina Gedeck, Sebastian Koch, Ulrich Tukur, Thomas Thieme, Hans-Uwe Bauer, Volkmar Kleinert, Matthias Brenner, Charly Hübner, Herbert Knaup, Bastian Trost, Marie Gruber, Volker Zack, Werner Daehn, Martin Brambach, Hubertus Hartmann, Thomas Arnold, Hinnerk Schönemann",2006,8.4,137,tt0405094,89,The Lives of Others
"Robert Downey Jr., Chris Hemsworth, Mark Ruffalo, Chris Evans, Scarlett Johansson, Don Cheadle, Benedict Cumberbatch, Tom Holland, Chadwick Boseman, Zoe Saldaña, Karen Gillan, Tom Hiddleston, Paul Bettany, Elizabeth Olsen, Anthony Mackie, Sebastian Stan, Idris Elba, Danai Gurira",2018,8.4,149,tt4154756,68,Avengers: Infinity War
"Harrison Ford, Karen Allen, Paul Freeman, John Rhys-Davies, Ronald Lacey, Denholm Elliott, Alfred Molina, Wolf Kahler, Anthony Higgins, Vic Tablian, Don Fellows, William Hootkins, Bill Reimbold, Fred Sorenson, Patrick Durkin, Matthew Scurfield, Malcolm Weaver, Sonny Caldinez",1981,8.4,115,tt0082971,86,Raiders of the Lost Ark
"Timothée Chalamet, Zendaya, Rebecca Ferguson, Javier Bardem, Josh Brolin, Austin Butler, Florence Pugh, Dave Bautista, Christopher Walken, Léa Seydoux, Stellan Skarsgård, Charlotte Rampling, Souheila Yacoub, Roger Yuan, Babs Olusanmokun, Alison Halstead, Giusi Merli, Kait Tenison",2024,8.5,166,tt15239678,79,Dune: Part Two
"Guy Pearce, Carrie-Anne Moss, Joe Pantoliano, Mark Boone Junior, Russ Fega, Jorja Fox, Stephen Tobolowsky, Harriet Sansom Harris, Thomas Lennon, Callum Keith Rennie, Kimberly Campbell, Marianne Muellerleile, Larry Holden, Doshia Darmane, Stephanie Searson, Buzz Visconti",2000,8.4,113,tt0209144,83,Memento
"Ben Burtt, Elissa Knight, Jeff Garlin, Fred Willard, MacInTalk, John Ratzenberger, Kathy Najimy, Sigourney Weaver, Karleen Griffin, Kim Kopf, Niki McElroy, Garrett Palmer, Lori Richardson, Jessica Skelton, Kai Steel Smith, Michael Toy",2008,8.4,98,tt0910970,95,WALL·E
"Martin Sheen, Marlon Brando, Robert Duvall, Frederic Forrest, Sam Bottoms, Laurence Fishburne, Albert Hall, Harrison Ford, Dennis Hopper, G.D. Spradlin, Jerry Ziesmer, Scott Glenn, Bo Byers, James Keane, Kerry Rossall, Ron McQueen, Tom Mason, Cynthia Wood",1979,8.4,147,tt0078788,94,Apocalypse Now
"Charles Chaplin, Virginia Cherrill, Florence Lee, Harry Myers, Al Ernest Garcia, Hank Mann, Johnny Aber, Jack Alexander, T.S. Alexander, Victor Alexander, Albert Austin, Harry Ayers, Eddie Baker, Henry Bergman, Edward Biby, Betty Blair, Buster Brodie, Jeanne Carpenter",1931,8.5,87,tt0021749,99,City Lights
"Jamie Foxx, Christoph Waltz, Leonardo DiCaprio, Kerry Washington, Samuel L. Jackson, Walton Goggins, Dennis Christopher, James Remar, David Steen, Dana Gourrier, Nichole Galicia, Laura Cayouette, Ato Essandoh, Sammi Rotibi, Clay Donahue Fontenot, Escalante Lundy, Miriam F. Glover, Don Johnson",2012,8.5,165,tt1853728,81,Django Unchained
"Henry Fonda, Charles Bronson, Claudia Cardinale, Jason Robards, Gabriele Ferzetti, Paolo Stoppa, Woody Strode, Jack Elam, Keenan Wynn, Frank Wolff, Lionel Stander, Livio Andronico, Salvatore Basile, Aldo Berti, Regina Elena Bisio, Joseph Bradley, Frank Braña, Marilù Carteny",1968,8.5,166,tt0064116,82,Once Upon a Time in the West
"James Stewart, Grace Kelly, Wendell Corey, Thelma Ritter, Raymond Burr, Judith Evelyn, Ross Bagdasarian, Georgine Darcy, Sara Berner, Frank Cady, Jesslyn Fax, Rand Harper, Irene Winston, Havis Davenport, Jerry Antes, Barbara Bailey, Benny Bartlett, Nick Borgani",1954,8.5,112,tt0047396,100,Rear Window
"Charles Chaplin, Paulette Goddard, Henry Bergman, Tiny Sandford, Chester Conklin, Hank Mann, Stanley Blystone, Al Ernest Garcia, Richard Alexander, Cecil Reynolds, Mira McKinney, Murdock MacQuarrie, Wilfred Lucas, Edward LeSaint, Fred Malatesta, Sammy Stein, Juana Sutton, Ted Oliver",1936,8.5,87,tt0027977,96,Modern Times
"Sigourney Weaver, Tom Skerritt, John Hurt, Veronica Cartwright, Harry Dean Stanton, Ian Holm, Yaphet Kotto, Bolaji Badejo, Helen Horton, Eddie Powell",1979,8.5,117,tt0078748,89,Alien
"François Cluzet, Omar Sy, Anne Le Ny, Audrey Fleurot, Joséphine de Meaux, Clotilde Mollet, Alba Gaïa Bellugi, Cyril Mendy, Salimata Kamate, Absa Diatou Toure, Grégoire Oestermann, Dominique Daguier, François Caron, Christian Ameri, Thomas Solivérès, Dorothée Brière, Marie-Laure Descoureaux, Émilie Caen",2011,8.5,112,tt1675434,57,The Intouchables
"Kevin Spacey, Gabriel Byrne, Chazz Palminteri, Stephen Baldwin, Benicio Del Toro, Kevin Pollak, Pete Postlethwaite, Suzy Amis, Giancarlo Esposito, Dan Hedaya, Paul Bartel, Carl Bressler, Phillipe Simon, Jack Shearer, Christine Estabrook, Clark Gregg, Morgan Hunter, Ken Daly",1995,8.5,106,tt0114814,76,The Usual Suspects
"Philippe Noiret, Enzo Cannavale, Antonella Attili, Isa Danieli, Leo Gullotta, Marco Leonardi, Pupella Maggio, Agnese Nano, Leopoldo Trieste, Salvatore Cascio, Tano Cimarosa, Nicola Di Pinto, Roberta Lena, Nino Terzo, Jacques Perrin, Brigitte Fossey, Nellina Laganà, Turi Giuffrida",1988,8.5,174,tt0095765,80,Cinema Paradiso
"Humphrey Bogart, Ingrid Bergman, Paul Henreid, Claude Rains, Conrad Veidt, Sydney Greenstreet, Peter Lorre, S.Z. Sakall, Madeleine Lebeau, Dooley Wilson, Joy Page, John Qualen, Leonid Kinskey, Curt Bois, Abdullah Abbas, Enrique Acosta, Ed Agresti, Arnet Amos",1942,8.5,102,tt0034583,100,Casablanca
"Shameik Moore, Hailee Steinfeld, Brian Tyree Henry, Luna Lauren Velez, Jake Johnson, Oscar Isaac, Jason Schwartzman, Issa Rae, Daniel Kaluuya, Karan Soni, Shea Whigham, Greta Lee, Mahershala Ali, Amandla Stenberg, Jharrel Jerome, Andy Samberg, Jack Quaid, Rachel Dratch",2023,8.5,140,tt9362722,86,Spider-Man: Across the Spider-Verse
"Jean Reno, Gary Oldman, Natalie Portman, Danny Aiello, Peter Appel, Willi One Blood, Don Creech, Keith A. Glascoe, Randolph Scott, Michael Badalucco, Ellen Greene, Elizabeth Regen, Carl J. Matusovich, Frank Senger, Lucius Wyatt Cherokee, Eric Challier, Luc Bernard, Maïwenn",1994,8.5,110,tt0110413,64,Léon: The Professional
"Edward Norton, Edward Furlong, Beverly D'Angelo, Jennifer Lien, Ethan Suplee, Fairuza Balk, Avery Brooks, Elliott Gould, Stacy Keach, William Russ, Guy Torry, Joe Cortese, Jason Bose Smith, Antonio David Lyons, Alex Sol, Keram Malicki-Sánchez, Giuseppe Andrews, Michelle Christine White",1998,8.5,119,tt0120586,62,American History X
"Christian Bale, Hugh Jackman, Scarlett Johansson, Michael Caine, Piper Perabo, Rebecca Hall, Samantha Mahurin, David Bowie, Andy Serkis, Daniel Davis, Jim Piddock, Christopher Neame, Mark Ryan, Roger Rees, Jamie Harris, Monty Stuart, Ron Perkins, Ricky Jay",2006,8.5,130,tt0482571,66,The Prestige
"Tatsuya Nakadai, Akira Ishihama, Shima Iwashita, Tetsurô Tanba, Masao Mishima, Ichirô Nakatani, Kei Satô, Yoshio Inaba, Hisashi Igawa, Tôru Takeuchi, Yoshirô Aoki, Tatsuo Matsumura, Akiji Kobayashi, Kôichi Hayashi, Ryûtarô Gomi, Jô Azumi, Nakajirô Tomita, Shichisaburô Amatsu",1962,8.6,133,tt0056058,85,Harakiri
"Miles Teller, J.K. Simmons, Melissa Benoist, Paul Reiser, Austin Stowell, Nate Lang, Chris Mulkey, Damon Gupton, Suanne Spoke, Max Kasch, Charlie Ian, Jayson Blair, Kofi Siriboe, Kavita Patil, C.J. Vana, Tarik Lowe, Tyler Kimball, Rogelio Douglas Jr.",2014,8.5,106,tt2582802,89,Whiplash
"Leonardo DiCaprio, Matt Damon, Jack Nicholson, Mark Wahlberg, Martin Sheen, Ray Winstone, Vera Farmiga, Anthony Anderson, Alec Baldwin, Kevin Corrigan, James Badge Dale, David O'Hara, Mark Rolston, Robert Wahlberg, Kristen Dalton, Thomas B. Duffy, Richard Hughes, J.C. MacKenzie",2006,8.5,151,tt0407887,85,The Departed
"Tsutomu Tatsumi, Ayano Shiraishi, Akemi Yamaguchi, Yoshiko Shinohara, Kôzô Hashida, Masayo Sakai, Kazumi Nozaki, Yoshio Matsuoka, Masahiro Kanetake, Kiyoshi Yanagawa, Hajime Maki, Atsuo Omote, Teruhisa Harita, Hiroshi Tanaka, Michio Denpô, Shirô Tamaki, Tadashi Nakamura, Mika Sekita",1988,8.5,88,tt0095327,94,Grave of the Fireflies
"Matthew Broderick, Jeremy Irons, James Earl Jones, Whoopi Goldberg, Rowan Atkinson, Niketa Calame-Harris, Jim Cummings, Robert Guillaume, Moira Kelly, Nathan Lane, Zoe Leader, Cheech Marin, Ernie Sabella, Madge Sinclair, Jonathan Taylor Thomas, Frank Welker, Cathy Cavadini, Judi M. Durand",1994,8.5,88,tt0110357,88,The Lion King
"Anthony Perkins, Janet Leigh, Vera Miles, John Gavin, Martin Balsam, John McIntire, Simon Oakland, Frank Albertson, Patricia Hitchcock, Vaughn Taylor, Lurene Tuttle, John Anderson, Mort Mills, Fletcher Allen, Walter Bacon, Prudence Beers, Kit Carson, Johnny Clark",1960,8.5,109,tt0054215,97,Psycho
"Song Kang-ho, Lee Sun-kyun, Cho Yeo-jeong, Choi Woo-sik, Park So-dam, Lee Jeong-eun, Jang Hye-jin, Park Myeong-hoon, Jung Ji-so, Jung Hyun-jun, Park Keun-rok, Jung Yi-seo, Jo Jae-myeong, Jung Ik-han, Kim Kyu-baek, Hwang In-kyung, Ahn Seong-bong, Kim Jin-hyung",2019,8.5,132,tt6751668,97,Parasite
"Russell Crowe, Joaquin Phoenix, Connie Nielsen, Oliver Reed, Richard Harris, Derek Jacobi, Djimon Hounsou, David Schofield, John Shrapnel, Tomas Arana, Ralf Moeller, Spencer Treat Clark, David Hemmings, Tommy Flanagan, Sven-Ole Thorsen, Omid Djalili, Nicholas McGaughey, Chris Kell",2000,8.5,155,tt0172495,67,Gladiator
"Adrien Brody, Thomas Kretschmann, Frank Finlay, Emilia Fox, Michal Zebrowski, Ed Stoppard, Maureen Lipman, Jessica Kate Meyer, Julia Rayner, Wanja Mues, Richard Ridings, Nomi Sharron, Anthony Milner, Lucy Skeaping, Roddy Skeaping, Ben Harlan, Thomas Lawinky, Joachim Paul Assböck",2002,8.5,150,tt0253474,85,The Pianist
"Daveigh Chase, Suzanne Pleshette, Miyu Irino, Rumi Hiiragi, Mari Natsuki, Takashi Naitô, Yasuko Sawaguchi, Tatsuya Gashûin, Ryûnosuke Kamiki, Yumi Tamai, Yô Ôizumi, Koba Hayashi, Tsunehiko Kamijô, Takehiko Ono, Bunta Sugawara, Shigeru Wakita, Shirô Saitô, Michiko Yamamoto",2001,8.6,124,tt0245429,96,Spirited Away
"Michael J. Fox, Christopher Lloyd, Lea Thompson, Crispin Glover, Tom Wilson, Claudia Wells, Marc McClure, Wendie Jo Sperber, George DiCenzo, Frances Lee McCain, James Tolkan, J.J. Cohen, Casey Siemaszko, Billy Zane, Harry Waters Jr., Donald Fullilove, Lisa Freeman, Cristen Kauffman",1985,8.5,116,tt0088763,87,Back to the Future
"Mark Hamill, Harrison Ford, Carrie Fisher, Alec Guinness, Peter Cushing, Anthony Daniels, Kenny Baker, Peter Mayhew, David Prowse, Phil Brown, Shelagh Fraser, Jack Purvis, Alex McCrindle, Eddie Byrne, Drewe Henley, Denis Lawson, Garrick Hagon, Jack Klaff",1977,8.6,121,tt0076759,90,Star Wars: Episode IV - A New Hope
"Arnold Schwarzenegger, Linda Hamilton, Edward Furlong, Robert Patrick, Earl Boen, Joe Morton, S. Epatha Merkerson, Castulo Guerra, Danny Cooksey, Jenette Goldstein, Xander Berkeley, Leslie Hamilton Gearren, Ken Gibbel, Robert Winley, Pete Schrum, Shane Wilder, Michael Edwards, Jared Lounsbery",1991,8.6,137,tt0103064,75,Terminator 2: Judgment Day
"Roberto Benigni, Nicoletta Braschi, Giorgio Cantarini, Giustino Durano, Sergio Bini Bustric, Marisa Paredes, Horst Buchholz, Lidia Alfonsi, Giuliana Lojodice, Amerigo Fontani, Pietro De Silva, Francesco Guzzo, Raffaella Lebboroni, Claudio Alfonsi, Gil Baroni, Massimo Bianchi, Jürgen Bohn, Verena Buratti",1997,8.6,116,tt0118799,58,Life Is Beautiful
"Alexandre Rodrigues, Leandro Firmino, Matheus Nachtergaele, Phellipe Haagensen, Douglas Silva, Jonathan Haagensen, Seu Jorge, Jefechander Suplino, Alice Braga, Emerson Gomes, Edson Oliveira, Michel Gomes, Roberta Rodrigues, Luis Otávio, Kiko Marques, Gustavo Engrácia, Darlan Cunha, Robson Rocha",2002,8.6,130,tt0317248,79,City of God
"Tom Hanks, Michael Clarke Duncan, David Morse, Bonnie Hunt, James Cromwell, Michael Jeter, Graham Greene, Doug Hutchison, Sam Rockwell, Barry Pepper, Jeffrey DeMunn, Patricia Clarkson, Harry Dean Stanton, Dabbs Greer, Eve Brent, William Sadler, Mack Miles, Rai Tasco",1999,8.6,189,tt0120689,61,The Green Mile
"Tom Hanks, Matt Damon, Tom Sizemore, Edward Burns, Barry Pepper, Adam Goldberg, Vin Diesel, Giovanni Ribisi, Jeremy Davies, Ted Danson, Paul Giamatti, Dennis Farina, Joerg Stadler, Max Martini, Dylan Bruno, Daniel Cerqueira, Demetri Goritsas, Ian Porter",1998,8.6,169,tt0120815,91,Saving Private Ryan
"Toshirô Mifune, Takashi Shimura, Keiko Tsushima, Yukiko Shimazaki, Kamatari Fujiwara, Daisuke Katô, Isao Kimura, Minoru Chiaki, Seiji Miyaguchi, Yoshio Kosugi, Bokuzen Hidari, Yoshio Inaba, Yoshio Tsuchiya, Kokuten Kôdô, Eijirô Tôno, Kichijirô Ueda, Jun Tatara, Atsushi Watanabe",1954,8.6,207,tt0047478,98,Seven Samurai
"Jodie Foster, Anthony Hopkins, Scott Glenn, Ted Levine, Anthony Heald, Brooke Smith, Diane Baker, Kasi Lemmons, Charles Napier, Tracey Walter, Roger Corman, Ron Vawter, Danny Darst, Jeffrie Lane, Frankie Faison, Paul Lazar, Dan Butler, Chris Isaak",1991,8.6,118,tt0102926,86,The Silence of the Lambs
"James Stewart, Donna Reed, Lionel Barrymore, Thomas Mitchell, Henry Travers, Beulah Bondi, Frank Faylen, Ward Bond, Gloria Grahame, H.B. Warner, Frank Albertson, Todd Karns, Samuel S. Hinds, Mary Treen, Virginia Patton, Charles Williams, Sarah Edwards, William Edmunds",1946,8.6,130,tt0038650,89,It's a Wonderful Life
"Morgan Freeman, Brad Pitt, Kevin Spacey, Andrew Kevin Walker, Daniel Zacapa, Gwyneth Paltrow, John Cassini, Bob Mack, Peter Crombie, Reg E. Cathey, R. Lee Ermey, George Christy, Endre Hules, Hawthorne James, William Davidson, Bob Collins, Jimmy Dale Hartsell, Richard Roundtree",1995,8.6,127,tt0114369,65,Se7en
"Jack Nicholson, Louise Fletcher, Michael Berryman, Peter Brocco, Dean R. Brooks, Alonzo Brown, Scatman Crothers, Mwako Cumbuka, Danny DeVito, William Duell, Josip Elic, Lan Fendors, Nathan George, Ken Kenny, Mel Lambert, Sydney Lassick, Kay Lee, Christopher Lloyd",1975,8.7,133,tt0073486,84,One Flew Over the Cuckoo's Nest
"Matthew McConaughey, Anne Hathaway, Jessica Chastain, Mackenzie Foy, Ellen Burstyn, John Lithgow, Timothée Chalamet, David Oyelowo, Collette Wolfe, Francis X. McCarthy, Bill Irwin, Andrew Borba, Wes Bentley, William Devane, Michael Caine, David Gyasi, Josh Stewart, Casey Affleck",2014,8.7,169,tt0816692,74,Interstellar
"Robert De Niro, Ray Liotta, Joe Pesci, Lorraine Bracco, Paul Sorvino, Frank Sivero, Tony Darrow, Mike Starr, Frank Vincent, Chuck Low, Frank DiLeo, Henny Youngman, Gina Mastrogiacomo, Catherine Scorsese, Charles Scorsese, Suzanne Shepherd, Debi Mazar, Margo Winkler",1990,8.7,145,tt0099685,92,Goodfellas
"Keanu Reeves, Laurence Fishburne, Carrie-Anne Moss, Hugo Weaving, Gloria Foster, Joe Pantoliano, Marcus Chong, Julian Arahanga, Matt Doran, Belinda McClory, Anthony Ray Parker, Paul Goddard, Robert Taylor, David Aston, Marc Aden Gray, Ada Nicodemou, Deni Gordon, Rowan Witt",1999,8.7,136,tt0133093,73,The Matrix
"Mark Hamill, Harrison Ford, Carrie Fisher, Billy Dee Williams, Anthony Daniels, David Prowse, Peter Mayhew, Kenny Baker, Frank Oz, Alec Guinness, Jeremy Bulloch, John Hollis, Jack Purvis, Des Webb, Clive Revill, Kenneth Colley, Julian Glover, Michael Sheard",1980,8.7,124,tt0080684,82,Star Wars: Episode V - The Empire Strikes Back
"Leonardo DiCaprio, Joseph Gordon-Levitt, Elliot Page, Ken Watanabe, Tom Hardy, Dileep Rao, Cillian Murphy, Tom Berenger, Marion Cotillard, Pete Postlethwaite, Michael Caine, Lukas Haas, Tai-Li Lee, Claire Geare, Magnus Nolan, Taylor Geare, Johnathan Geare, Tohoru Masamune",2010,8.8,148,tt1375666,74,Inception
"Brad Pitt, Edward Norton, Meat Loaf, Zach Grenier, Richmond Arquette, David Andrews, George Maguire, Eugenie Bondurant, Christina Cabot, Helena Bonham Carter, Sydney 'Big Dawg' Colston, Rachel Singer, Christie Cronenweth, Tim DeZarn, Ezra Buzzington, Dierdre Downing-Jackson, Bob Stephenson, Charlie Dell",1999,8.8,139,tt0137523,67,Fight Club
"Elijah Wood, Ian McKellen, Viggo Mortensen, Orlando Bloom, Bruce Allpress, Sean Astin, John Bach, Sala Baker, Cate Blanchett, Billy Boyd, Jed Brophy, Sam Comery, Brad Dourif, Calum Gittins, Bernard Hill, Bruce Hopkins, Paris Howe Strewe, Christopher Lee",2002,8.8,179,tt0167261,87,The Lord of the Rings: The Two Towers
"Tom Hanks, Robin Wright, Gary Sinise, Sally Field, Rebecca Williams, Michael Conner Humphreys, Harold G. Herthum, George Kelly, Bob Penny, John Randall, Sam Anderson, Margo Moorer, Ione M. Telech, Christine Seabrook, John Worsham, Peter Dobson, Siobhan Fallon Hogan, Alexander Zemeckis",1994,8.8,142,tt0109830,82,Forrest Gump
"Clint Eastwood, Eli Wallach, Lee Van Cleef, Aldo Giuffrè, Luigi Pistilli, Rada Rassimov, Enzo Petito, Claudio Scarchilli, John Bartha, Livio Lorenzon, Antonio Casale, Sandro Scarchilli, Benito Stefanelli, Angelo Novi, Antonio Casas, Aldo Sambrell, Al Mulock, Sergio Mendizábal",1966,8.8,182,tt0060196,90,"The Good, the Bad and the Ugly"
"Elijah Wood, Ian McKellen, Orlando Bloom, Sean Bean, Alan Howard, Noel Appleby, Sean Astin, Sala Baker, Billy Boyd, Andy Serkis, Marton Csokas, Viggo Mortensen, Megan Edwards, Michael Elsworth, Cate Blanchett, Mark Ferguson, Ian Holm, Christopher Lee",2001,8.9,178,tt0120737,92,The Lord of the Rings: The Fellowship of the Ring
"John Travolta, Uma Thurman, Samuel L. Jackson, Bruce Willis, Tim Roth, Amanda Plummer, Laura Lovelace, Phil LaMarr, Frank Whaley, Burr Steers, Ving Rhames, Paul Calderon, Bronagh Gallagher, Rosanna Arquette, Eric Stoltz, Jerome Patrick Hoban, Michael Gilden, Gary Shorelle",1994,8.8,154,tt0110912,95,Pulp Fiction
"Liam Neeson, Ralph Fiennes, Ben Kingsley, Caroline Goodall, Jonathan Sagall, Embeth Davidtz, Malgorzata Gebel, Shmuel Levy, Mark Ivanir, Béatrice Macola, Andrzej Seweryn, Friedrich von Thun, Krzysztof Luft, Harry Nehring, Norbert Weisser, Adi Nitzan, Michael Schneider, Miri Fabian",1993,9,195,tt0108052,95,Schindler's List
"Elijah Wood, Viggo Mortensen, Ian McKellen, Orlando Bloom, Noel Appleby, Ali Astin, Sean Astin, David Aston, John Bach, Sean Bean, Cate Blanchett, Billy Boyd, Sadwyn Brophy, Alistair Browning, Marton Csokas, Richard Edge, Jason Fitch, Bernard Hill",2003,9,201,tt0167260,94,The Lord of the Rings: The Return of the King
"Henry Fonda, Lee J. Cobb, Martin Balsam, John Fiedler, E.G. Marshall, Jack Klugman, Edward Binns, Jack Warden, Joseph Sweeney, Ed Begley, George Voskovec, Robert Webber, Rudy Bond, Tom Gorman, James Kelly, Billy Nelson, John Savoca, Walter Stocker",1957,9,96,tt0050083,97,12 Angry Men
"Al Pacino, Robert De Niro, Robert Duvall, Diane Keaton, John Cazale, Talia Shire, Lee Strasberg, Michael V. Gazzo, G.D. Spradlin, Richard Bright, Gastone Moschin, Tom Rosqui, Bruno Kirby, Frank Sivero, Francesca De Sapio, Morgana King, Marianna Hill, Leopoldo Trieste",1974,9,202,tt0071562,90,The Godfather Part II
"Christian Bale, Heath Ledger, Aaron Eckhart, Michael Caine, Maggie Gyllenhaal, Gary Oldman, Morgan Freeman, Monique Gabriela Curnen, Ron Dean, Cillian Murphy, Chin Han, Nestor Carbonell, Eric Roberts, Ritchie Coster, Anthony Michael Hall, Keith Szarabajka, Colin McFarlane, Joshua Harto",2008,9.1,152,tt0468569,85,The Dark Knight
"Marlon Brando, Al Pacino, James Caan, Diane Keaton, Richard S. Castellano, Robert Duvall, Sterling Hayden, John Marley, Richard Conte, Al Lettieri, Abe Vigoda, Talia Shire, Gianni Russo, John Cazale, Rudy Bond, Al Martino, Morgana King, Lenny Montana",1972,9.2,175,tt0068646,100,The Godfather
